{
    "scan_points": [
        [
            7.126003775448215,
            753.1734315159741,
            -38.896376215361755
        ],
        [
            12.137879624135106,
            753.0565929113636,
            -38.67854780164711
        ],
        [
            17.15736052903321,
            752.8426059695894,
            -38.15988593373086
        ],
        [
            22.174523580604543,
            752.7266645491288,
            -38.04436328847052
        ],
        [
            27.180656881747502,
            752.8075789432821,
            -38.331242018672356
        ],
        [
            32.198140504338,
            752.7856003476244,
            -39.018372640279324
        ],
        [
            37.21305485361384,
            752.6678359248832,
            -39.19979411324701
        ],
        [
            42.22378693824348,
            752.4556730573308,
            -38.88056134952626
        ],
        [
            47.23477256499338,
            752.3486155474958,
            -38.2678410905429
        ],
        [
            52.25880983236482,
            752.3298511366353,
            -38.85821628086623
        ],
        [
            57.293628422498216,
            752.2054542795622,
            -40.04653890960199
        ],
        [
            62.32669546687706,
            751.992074658426,
            -40.319236576784704
        ],
        [
            67.33747672256325,
            752.0882064333914,
            -40.0934855820434
        ],
        [
            72.36331778988048,
            751.6900931863833,
            -39.354992285379524
        ],
        [
            77.37766313384375,
            751.7818796009593,
            -39.429116389721116
        ],
        [
            82.40752937524242,
            751.5614638907587,
            -40.70404165533478
        ],
        [
            87.43907345635009,
            751.6576563022572,
            -40.561739596426946
        ],
        [
            92.44892896506468,
            751.4582348477677,
            -39.7196728666907
        ],
        [
            97.49103887670874,
            751.1464220525949,
            -39.906859589332754
        ],
        [
            102.50252359388365,
            751.1428202729746,
            -39.89610622314635
        ]
    ],
    "corners": {
        "left_upper": [
            -154.29918015770295,
            937.2260818154961,
            -31.773495450441658
        ],
        "left_lower": [
            -162.69864408078664,
            618.1175147013156,
            -27.86055814615014
        ],
        "right_upper": [
            177.9400376440489,
            920.9110733213812,
            -42.090734266233994
        ],
        "right_lower": [
            167.62021564552555,
            607.764050822233,
            -35.238057288424216
        ]
    },
    "tool_rt0": [
        -23.21384519062118,
        746.8790910183636,
        -260.4199992137204,
        -1.1204082096849388,
        -0.024457558579167094,
        3.131187826578315
    ]
}