{
    "corners": {
        "ML": [
            207.9463289885662,
            834.5986790417254,
            202.56367901641033
        ],
        "RB0": [
            470.62069420033777,
            821.5679840952024,
            215.3870035215449
        ],
        "L1": [
            154.77698187185587,
            1005.4551747476494,
            204.86489607105682
        ],
        "L0": [
            157.78856782461327,
            688.3610042917528,
            209.531722585955
        ],
        "MR": [
            453.282533242789,
            835.8841308283809,
            216.46737514940378
        ],
        "LA0": [
            194.09003742043495,
            685.7060753866108,
            201.8951537252184
        ],
        "LB0": [
            191.96629820363125,
            812.3759558797404,
            201.39838642652188
        ],
        "RA0": [
            467.32056154458473,
            688.6349172120748,
            214.8856963897431
        ]
    }
}