{
    "corners": {
        "left_upper": [
            -169.9973886113283,
            947.2613492073419,
            -65.88872636419472
        ],
        "left_lower": [
            -171.41402860308915,
            628.2356701149113,
            -68.29518884283388
        ],
        "right_upper": [
            170.6938941910646,
            890.8623858494188,
            -58.06049465044799
        ],
        "right_lower": [
            151.8839829521391,
            627.3750934854469,
            -83.42133845734449
        ],
        "middle_left": [
            -150.27470196296753,
            752.0395018180643,
            -73.1591502166977
        ],
        "middle_right": [
            101.35252268479543,
            774.1129785970024,
            -78.69780189249741
        ]
    }
}