{
    "corners": {
        "L1": [
            -174.59550738766492,
            945.5706447557586,
            -0.3750610357387245
        ],
        "LA1": [
            -144,
            945.5706447557586,
            -0.3750610357387245
        ],
        "LB1": [
            -143,
            824,
            -4
        ],
        "L0": [
            -173.90485445834756,
            624.6237371954069,
            -9.995930002794012
        ],
        "LA0": [
            -143,
            624.6237371954069,
            -9.995930002794012
        ],
        "LB0": [
            -143,
            763,
            -5
        ],
        "R1": [
            156.99855067487084,
            943.0241008388347,
            -3.6902860899839425
        ],
        "RA1": [
            126,
            943.0241008388347,
            -3.6902860899839425
        ],
        "R0": [
            153.432958088344,
            621.0274033443204,
            -10.010357889263503
        ],
        "RA0": [
            123,
            621.0274033443204,
            -10.010357889263503
        ],
        "ML": [
            -164,
            774,
            -5
        ],
        "MR": [
            145,
            771,
            -5
        ],
        "MLA": [
            -130,
            804,
            -4
        ],
        "MRA": [
            110,
            801,
            -4
        ]
    }
}