{
    "corners": {
        "ML": [
            207.60529626565872,
            838.8313692252417,
            205.37555220661187
        ],
        "MR": [
            451.3335704814785,
            836.4330426163657,
            219.98546735401374
        ],
        "RA0": [
            469.86965594356695,
            691.8052423631877,
            222.8609611865719
        ],
        "RB0": [
            468.1865528957199,
            809.0855290283969,
            222.20783866138842
        ],
        "L1": [
            154.77698187185587,
            1005.4551747476494,
            204.86489607105682
        ],
        "L0": [
            157.78856782461327,
            688.3610042917528,
            209.531722585955
        ],
        "LA0": [
            194.09003742043495,
            685.7060753866108,
            201.8951537252184
        ],
        "LB0": [
            191.96629820363125,
            812.3759558797404,
            201.39838642652188
        ]
    }
}