{
    "scan_points": null,
    "corners": {
        "left_upper": [
            -174.59550738766492,
            945.5706447557586,
            -0.3750610357387245
        ],
        "left_lower": [
            -173.90485445834756,
            624.6237371954069,
            -9.995930002794012
        ],
        "right_upper": [
            156.99855067487084,
            943.0241008388347,
            -3.6902860899839425
        ],
        "right_lower": [
            153.432958088344,
            621.0274033443204,
            -10.010357889263503
        ],
        "middle_left": [
            -164,
            774,
            -5
        ],
        "middle_right": [
            145,
            771,
            -5
        ]
    }
}