{
    "corners": {
        "L1": [
            135.22102923333085,
            1009.5071996493004,
            203.29070908049528
        ],
        "L0": [
            128.27734147392945,
            689.8505250888161,
            194.55228499555707
        ],
        "ML": [
            175.83778483430058,
            837.1934893217413,
            194.87803976731976
        ],
        "MR": [
            428.5225818313611,
            830.7506937666392,
            199.63003509813055
        ],
        "LA0": [
            159.77318217316767,
            688.36017483807,
            192.62899539476103
        ],
        "RA0": [
            435.5953305343563,
            679.0172184859177,
            194.98941984849228
        ]
    }
}