{
    "scan_points": [
        [
            -10.469009552006128,
            766.73153004805,
            -6.451469019428799
        ],
        [
            -5.462244280995861,
            766.7848730375313,
            -6.623096658457371
        ],
        [
            -0.4465908909434191,
            766.8215914756554,
            -7.094138100772909
        ],
        [
            4.568408182684429,
            766.7475531039586,
            -7.757951847275308
        ],
        [
            9.576325224820039,
            766.7017310206091,
            -7.92179376117295
        ],
        [
            14.577961280478391,
            766.6559664078375,
            -8.08543018268
        ],
        [
            19.583404877632837,
            766.6327289034064,
            -7.84959493084321
        ],
        [
            24.58570914836134,
            766.6095059731306,
            -7.613907590739899
        ],
        [
            29.58288475281617,
            766.7859613215815,
            -7.389600926309782
        ],
        [
            34.582162413048266,
            766.8569227521014,
            -7.259560276942921
        ],
        [
            39.58155554418255,
            767.022034754198,
            -7.234988631995066
        ],
        [
            44.58480025975662,
            767.0817206630499,
            -7.304589265006484
        ],
        [
            49.58907462844638,
            767.0416443040932,
            -7.368423288811044
        ],
        [
            54.59144376533846,
            767.0128692125303,
            -7.232544194229803
        ],
        [
            59.59517164863751,
            766.9728336774273,
            -7.296342969504991
        ],
        [
            64.58988309803686,
            767.1550165129756,
            -6.9721968992353425
        ],
        [
            69.59288262606907,
            767.0152471039914,
            -7.030479580231287
        ],
        [
            74.59168615103326,
            767.0864041402326,
            -6.900350635663443
        ],
        [
            79.5939565844703,
            767.2405217743865,
            -7.07533775171035
        ],
        [
            84.59421547695001,
            767.2778403995204,
            -7.5441488876671485
        ]
    ],
    "corners": {
        "left_upper": [
            -174.59550738766492,
            945.5706447557586,
            -0.3750610357387245
        ],
        "left_lower": [
            -173.90485445834756,
            624.6237371954069,
            -9.995930002794012
        ],
        "right_upper": [
            156.99855067487084,
            943.0241008388347,
            -3.6902860899839425
        ],
        "right_lower": [
            153.432958088344,
            621.0274033443204,
            -10.010357889263503
        ]
    },
    "tool_rt0": [
        -46.4930810390683,
        753.2524578967499,
        -227.54679709830882,
        -0.9463188648556009,
        -0.05278848797911584,
        -3.1052286554210538
    ]
}