{
    "corners": {
        "L1": [
            141.59012767818518,
            1007.517297771883,
            202.6059417690941
        ],
        "L0": [
            133.9697691424205,
            684.6362041744238,
            193.09724113128175
        ],
        "ML": [
            186.47201172805876,
            837.5785220989808,
            196.45604002509197
        ],
        "MR": [
            427.71620237901857,
            830.9434635789115,
            195.7214356793881
        ],
        "LA0": [
            163.68946097764785,
            688.3044078711422,
            190.41319938396248
        ],
        "LB0": [
            168.09953780533976,
            825.8410327190949,
            195.32497842906497
        ],
        "RA0": [
            442.2674727046582,
            678.6656590758241,
            191.72632470145425
        ],
        "RB0": [
            445.17793873478524,
            811.8524412184845,
            196.37311322226677
        ]
    }
}