{
    "corners": {
        "L1": [
            140.56100984586993,
            1008.9745924278849,
            199.88666805658116
        ],
        "L0": [
            132.80701669707102,
            688.7576215263634,
            189.98269497309042
        ],
        "ML": [
            183.77324748636147,
            835.2809762475331,
            191.85785728483842
        ],
        "MR": [
            425.6426504404616,
            830.3905877816483,
            192.67329615049863
        ],
        "RA1": [
            442.2052710001594,
            682.9263677689535,
            188.1999058230483
        ],
        "RB1": [
            443.1265081789574,
            815.4018924920299,
            192.49560171538047
        ],
        "LA0": [
            164.2209018366367,
            686.4523376519138,
            186.62367182951368
        ],
        "LB0": [
            166.94990665841735,
            818.5733238885234,
            190.42999763518054
        ],
        "RA0": [
            442.2674727046582,
            678.6656590758241,
            191.72632470145425
        ],
        "RB0": [
            445.17793873478524,
            811.8524412184845,
            196.37311322226677
        ]
    }
}