{
    "scan_points": [
        [
            -4.048839283476568,
            752.0593351503885,
            -37.68254584650933
        ],
        [
            0.948561356108705,
            752.2007919806572,
            -37.60523599821619
        ],
        [
            5.959582004918737,
            752.0296534090738,
            -37.70709146013476
        ],
        [
            10.964883157541024,
            752.0580203831861,
            -37.82247117874584
        ],
        [
            15.974409063163606,
            751.9742236207959,
            -38.13002600782298
        ],
        [
            20.973383613879754,
            752.0965318838322,
            -38.350918919492074
        ],
        [
            25.985267841552954,
            751.9329691786268,
            -38.3519638523953
        ],
        [
            30.995491680399113,
            751.7831113464873,
            -38.153568527969384
        ],
        [
            36.00770998358144,
            751.9140028868013,
            -38.27589713892331
        ],
        [
            41.00694609778492,
            751.9311773333951,
            -38.590929820064105
        ],
        [
            46.022339963392696,
            751.6217962915861,
            -39.2844228812898
        ],
        [
            51.034357706844474,
            751.6543211128122,
            -39.39612023064876
        ],
        [
            56.05055808383369,
            751.8134070473291,
            -39.21618255122479
        ],
        [
            61.069352279890616,
            751.6642151061321,
            -39.11972649184801
        ],
        [
            66.07983950262143,
            751.820094614736,
            -38.845654446226774
        ],
        [
            71.09218575821684,
            751.8214585915463,
            -39.36324304686994
        ],
        [
            76.10530409177555,
            751.9486322621135,
            -39.58612110248407
        ],
        [
            81.11484426304526,
            751.7889590671502,
            -39.589093206734105
        ],
        [
            86.1277551798426,
            751.7449882352694,
            -39.300710812030644
        ],
        [
            91.13382362478976,
            752.0009267561525,
            -39.03276563099902
        ]
    ],
    "corners": {
        "left_upper": [
            -158.64438698565098,
            936.955435900336,
            -42.496198626783666
        ],
        "left_lower": [
            -161.75973833488905,
            621.2016788871713,
            -42.49619862678719
        ],
        "right_upper": [
            161.30993248197535,
            925.0262154861509,
            -43.759130985453794
        ],
        "right_lower": [
            156.57443689939174,
            605.9780967690369,
            -36.39861639423458
        ]
    },
    "tool_rt0": [
        -42.26185651876992,
        745.0127968130231,
        -263.85325999841484,
        -0.9349360082439304,
        -0.06178435843951835,
        -3.1117830834335605
    ]
}