{
    "corners": {
        "ML": [
            187.71205776420427,
            838.4041917377688,
            193.21445183558393
        ],
        "MR": [
            445.3553309728121,
            819.89977545885,
            196.18961661525162
        ],
        "LA0": [
            164.57817270866502,
            691.1590108295245,
            188.99951014323963
        ],
        "RA0": [
            456.65182905020333,
            670.5954574962245,
            191.81830115504417
        ],
        "L1": [
            134.17733873629558,
            1006.5156953770231,
            200.18421123247583
        ],
        "L0": [
            126.44168565630733,
            685.0844250815217,
            190.71408807361328
        ]
    }
}