{
    "corners": {
        "left_upper": [
            -164.66772513588546,
            938.2771478095187,
            -49.650747957549015
        ],
        "left_lower": [
            -166.16530997470744,
            621.5301331991357,
            -52.67040338332043
        ],
        "right_upper": [
            171.90403217186213,
            921.9568966988866,
            -44.59785443355071
        ],
        "right_lower": [
            165.23381725945012,
            605.2115270928947,
            -47.33575273753661
        ],
        "middle_left": [
            -134.3151864229406,
            747.1021420977312,
            -54.961656095925264
        ],
        "middle_right": [
            119.3561721369995,
            754.7664932631108,
            -59.24141679192769
        ]
    }
}