{
    "df_dict": {
        "x": [
            60.309102638584385,
            60.69614292648859,
            65.30129932539757,
            70.30290902879403,
            75.32526539371153,
            80.34956493288124,
            85.35973059723634,
            90.36613793876847,
            95.36614315941543,
            100.3876532331947,
            105.39225124732832,
            110.41984174490919,
            115.43769395742422,
            120.46687008967905,
            125.47230178231777,
            130.5154127266974,
            135.5172860578693,
            140.586333344932,
            145.59609564175543,
            150.6663070861366,
            155.6695400752962,
            160.73009425390683,
            165.74294673737683,
            170.8198397054725,
            175.83843624563622,
            180.92313873163684,
            185.9186001021599,
            190.9902629448183,
            195.99936590756462,
            201.09084171178355,
            206.10731843560862,
            211.18295445673812,
            216.17584536713247
        ],
        "y": [
            785.7091894980811,
            786.6343391669875,
            785.4907001836899,
            785.371423811922,
            785.6685915765952,
            785.6659517123182,
            785.5701422578304,
            785.5363664343381,
            785.5945439855842,
            785.5712165504717,
            785.443579835629,
            785.4428999541193,
            785.5461437698623,
            785.3325647631716,
            785.2028587120826,
            785.3694406167419,
            785.4333570260324,
            785.3378922974556,
            785.3332757973387,
            785.3250790267541,
            785.2071637258923,
            785.2549148623193,
            785.0341420270045,
            785.228627086266,
            785.1595841461186,
            785.2614577779296,
            785.1895898735859,
            785.1436923210221,
            785.2176021194878,
            785.1264990676547,
            785.1319121764315,
            785.0759206905822,
            784.9234501133647
        ],
        "z": [
            399.1756975251477,
            389.2261096992294,
            399.3495786905125,
            399.5330662876297,
            399.55505965303917,
            399.5497323541423,
            399.43699207622205,
            399.7317292669659,
            400.1342699754852,
            400.3291518970991,
            400.5137872935161,
            400.4094384128227,
            400.31634363979526,
            400.39461780043416,
            400.58059133142535,
            400.79547705651237,
            401.09803829988783,
            400.98637978169785,
            400.8858032753312,
            400.7852103795145,
            400.8773374430307,
            401.38713814958703,
            401.45905342895503,
            401.3702714152852,
            400.96803390803245,
            400.88408368914656,
            401.4832357975009,
            401.7860125009562,
            401.9864821117703,
            401.87017546984043,
            401.67715502258284,
            402.0831754034544,
            402.56397357586025
        ],
        "type": [
            "seam",
            "high_far",
            "seam",
            "seam",
            "seam",
            "seam",
            "seam",
            "seam",
            "seam",
            "seam",
            "seam",
            "seam",
            "seam",
            "seam",
            "seam",
            "seam",
            "seam",
            "seam",
            "seam",
            "seam",
            "seam",
            "seam",
            "seam",
            "seam",
            "seam",
            "seam",
            "seam",
            "seam",
            "seam",
            "seam",
            "seam",
            "seam",
            "seam"
        ],
        "rev_idx": [
            31,
            31,
            30,
            29,
            28,
            27,
            26,
            25,
            24,
            23,
            22,
            21,
            20,
            19,
            18,
            17,
            16,
            15,
            14,
            13,
            12,
            11,
            10,
            9,
            8,
            7,
            6,
            5,
            4,
            3,
            2,
            1,
            0
        ]
    },