{
    "df_dict": {
        "x": [
            -1201.5457523699613,
            -1188.1115738359115,
            -1201.4520631579783,
            -1201.4290495932394,
            -1201.2645214857935,
            -1201.2418549738388,
            -1201.218930702489,
            -1200.9129226283242,
            -1200.9603801773812,
            -1200.7255437106203,
            -1200.702656595647,
            -1200.6087041796557,
            -1200.5146148389015,
            -1200.3505521421498,
            -1200.3278045583268,
            -1200.4460550563208,
            -1200.2809196267972,
            -1200.399275193395,
            -1200.2343520723027,
            -1200.06903086024,
            -1200.115854865202,
            -1200.1633109608317,
            -1199.7156698203962,
            -1199.6923050453693,
            -1199.597659140939,
            -1199.786098371921,
            -1199.5505100947266,
            -1199.526999380217,
            -1199.3618849034317,
            -1198.9849068702883,
            -1198.890749976317,
            -1199.0089187982333,
            -1199.1268813407069,
            -1198.8203142343157,
            -1198.7964472773128,
            -1198.9149196824567
        ],
        "y": [
            -142.57179598226412,
            -142.70037686956016,
            -132.5711819173148,
            -122.56862297044285,
            -112.56732042838573,
            -102.56064989450978,
            -92.55576087767949,
            -82.55637768740303,
            -72.54640385096285,
            -62.54664145501431,
            -52.53522371504826,
            -42.531791699827274,
            -32.519188696682946,
            -22.51974378427817,
            -12.507832982368726,
            -2.5059118667991385,
            7.505311649655525,
            17.50515602716662,
            27.51456560446524,
            37.51420374685938,
            47.52352818318994,
            57.52500411187404,
            67.53187294195351,
            77.53310807998056,
            87.54250581012619,
            97.54335998224707,
            107.54721767939432,
            117.54752220313124,
            127.55019975975802,
            137.54940954331306,
            147.55323026432143,
            157.55781493740693,
            167.56283734680136,
            177.57011300630145,
            187.5739763814136,
            197.58274931976933
        ],
        "z": [
            -137.62956252717768,
            -138.3411200235888,
            -137.38678556060998,
            -137.07327550203908,
            -136.61880451132126,
            -137.01297933537666,
            -136.5585478935205,
            -136.5278828176519,
            -136.56688156479981,
            -136.4650236970464,
            -136.2917097628141,
            -136.04755335719437,
            -135.94644190942628,
            -135.77543761066096,
            -135.60440426139442,
            -135.43308944865535,
            -135.12213355503948,
            -134.95354153128693,
            -134.6447654256087,
            -134.47710844466891,
            -134.23841525378984,
            -134.14184190599792,
            -133.832009533621,
            -133.80457072841543,
            -133.42249447069955,
            -133.18259236625133,
            -132.94308375538094,
            -132.91550974045373,
            -132.60499615058313,
            -132.50696716431293,
            -132.26746120875447,
            -132.38126906890807,
            -132.07058610789136,
            -132.18438980572384,
            -131.8735708167998,
            -131.84527034569246
        ],
        "type": [
            "seam",
            "high_far",
            "seam",
            "seam",
            "seam",
            "seam",
            "seam",
            "seam",
            "seam",
            "seam",
            "seam",
            "seam",
            "seam",
            "seam",
            "seam",
            "seam",
            "seam",
            "seam",
            "seam",
            "seam",
            "seam",
            "seam",
            "seam",
            "seam",
            "seam",
            "seam",
            "seam",
            "seam",
            "seam",
            "seam",
            "seam",
            "seam",
            "seam",
            "seam",
            "seam",
            "seam"
        ],
        "rev_idx": [
            34,
            34,
            33,
            32,
            31,
            30,
            29,
            28,
            27,
            26,
            25,
            24,
            23,
            22,
            21,
            20,
            19,
            18,
            17,
            16,
            15,
            14,
            13,
            12,
            11,
            10,
            9,
            8,
            7,
            6,
            5,
            4,
            3,
            2,
            1,
            0
        ]
    },
    "target_rt_rev_list": [
        [
            -1198.9270281193915,
            197.5825495000247,
            -131.85512690398048,
            -1.6236740899451134,
            0.016834198487861274,
            -1.5784739953960294
        ],
        [
            -1201.5386728509868,
            -142.5719363491694,
            -137.58206480659402,
            -1.6236740899451134,
            0.016834198487861274,
            -1.5784739953960294
        ]
    ],
    "safe_return_rt": [
        -1188.7279064238116,
        -90.77159087801806,
        -107.89020656404051,
        -0.758911791117509,
        0.02008857642238393,
        -1.5405661771932355
    ]
}