{
    "L1": [
        215.8778622672299,
        -708.2022892682876,
        -65.19912178886199,
        -1.6069893471861132,
        0.13984908162743026,
        1.0887463556776287
    ],
    "R1": [
        218.13569162103852,
        -711.7616585557482,
        55.199719054818786,
        -1.606989347186121,
        0.13984908162743692,
        1.088746355677624
    ],
    "R2": [
        341.81870156239836,
        -678.2165545202914,
        35.75079411981778,
        -1.5561521790549315,
        0.08910918198894846,
        0.9926597280874894
    ]
}