{
    "line_l_point": [
        -71.17451897888122,
        650.6328378088019,
        -54.74610680846076
    ],
    "line_r_point": [
        33.99425800644701,
        487.028911090125,
        -56.203929509746054
    ],
    "screw_steel_outmost_point": [
        29.648195281732416,
        484.478657312322,
        -51.48927740575705
    ],
    "terminal_l_point": [
        -87.73223127300334,
        674.9020408419541,
        -54.14291542593866
    ],
    "terminal_r_point": [
        50.912233202319946,
        468.7493782393553,
        -56.09714271517375
    ],
    "PLANE_POINT": [
        -215.3153098500506,
        438.4010069904384,
        -57.527689495340816
    ],
    "L_POINT": [
        -81.67650324099796,
        680.9732022160217,
        -56.06152813264653
    ],
    "R_POINT": [
        58.04654483630857,
        466.9549561707017,
        -54.80702759600214
    ]
}