{
    "df_dict": {
        "x": [
            -720.305631902913,
            -720.7982034807322,
            -719.2790249692184,
            -717.9579015775925,
            -716.1464823758242,
            -715.2233213834994,
            -713.7898106448336,
            -710.5860737282175,
            -712.1044160241053,
            -710.6841072460282,
            -709.0762699301902,
            -707.7528864720994,
            -706.6184289851013,
            -705.7730731495869,
            -703.5430932949643,
            -703.0997855489361,
            -701.2803014014769,
            -699.9350440820957,
            -699.1620152300259,
            -697.6159206736153,
            -697.0664004142288,
            -695.7449586930608,
            -694.1514383455396,
            -693.0615314624233,
            -692.3017232040457,
            -690.8710788250244,
            -689.4613764373479,
            -688.3677409794345,
            -687.3862258947888,
            -685.5138286540463,
            -683.9465986027401,
            -682.9555358959117,
            -681.8061374370787,
            -680.3219770617014,
            -679.4068707948445,
            -678.2062709209988
        ],
        "y": [
            -193.21493773898638,
            -193.18367025114043,
            -183.22667622297442,
            -173.2895728141565,
            -163.45094003554885,
            -153.4521941362306,
            -143.51308211604191,
            -133.89017043620913,
            -123.41229487612688,
            -113.49639247928265,
            -103.5854229725439,
            -93.64966714329896,
            -83.64849418395127,
            -73.61740426713212,
            -63.786516048078425,
            -53.714971751411454,
            -43.83234068927473,
            -33.88623046718303,
            -23.79559386558028,
            -13.885502841663659,
            -3.7952438132292237,
            6.118656040881028,
            16.108972841532058,
            26.128889068933937,
            36.24264139746755,
            46.139518383884095,
            56.15061124697071,
            66.12670174395345,
            76.22596877795311,
            86.09044035679872,
            96.03237988611377,
            106.08200953739527,
            116.11007118327254,
            126.08328927708634,
            136.12146267319523,
            146.12410492039973
        ],
        "z": [
            307.15153691025904,
            297.14571882351925,
            307.1781844513308,
            307.3080992017506,
            307.6431424777458,
            308.16814641998144,
            307.49872144097543,
            307.0499805117826,
            306.256742267473,
            306.09872962556204,
            306.9434748682521,
            306.9768053934264,
            306.70876364211347,
            305.54685095205065,
            305.50353256168285,
            305.83792418100074,
            306.78580611154143,
            306.1239076098044,
            304.9584012288938,
            304.82274622668416,
            305.1754125566645,
            306.8178987599566,
            305.45826221375563,
            304.1056575279067,
            303.88208560302735,
            304.95870166820697,
            304.99023009644304,
            304.5179247101594,
            303.4958196063,
            302.99744810551954,
            304.98383127548465,
            303.94338244677306,
            303.92856772181534,
            303.25063793783954,
            304.1434104343312,
            304.31241517218075
        ],
        "type": [
            "seam",
            "high_far",
            "seam",
            "seam",
            "seam",
            "seam",
            "seam",
            "seam",
            "seam",
            "seam",
            "seam",
            "seam",
            "seam",
            "seam",
            "seam",
            "seam",
            "seam",
            "seam",
            "seam",
            "seam",
            "seam",
            "seam",
            "seam",
            "seam",
            "seam",
            "seam",
            "seam",
            "seam",
            "seam",
            "seam",
            "seam",
            "seam",
            "seam",
            "seam",
            "seam",
            "seam"
        ],
        "rev_idx": [
            34,
            34,
            33,
            32,
            31,
            30,
            29,
            28,
            27,
            26,
            25,
            24,
            23,
            22,
            21,
            20,
            19,
            18,
            17,
            16,
            15,
            14,
            13,
            12,
            11,
            10,
            9,
            8,
            7,
            6,
            5,
            4,
            3,
            2,
            1,
            0
        ]
    },