{
    "corners": {
        "P1": [
            300.01157486605274,
            -589.8071441363243,
            -24.844680024165086
        ],
        "P2": [
            284.2333815669359,
            -436.17611868212435,
            -26.168988232702418
        ],
        "P3": [
            174.13696202348174,
            -501.24884122291616,
            -21.998914875106266
        ],
        "P4": [
            300.01157486605274,
            -589.8071441363243,
            -24.844680024165086
        ]
    }
}