{
    "L1": [
        401.33889502864054,
        -704.5689065945652,
        186.89418285273825,
        -1.5938088944351958,
        -0.18898124697161522,
        -0.7815873638889185
    ],
    "R1": [
        407.17569511561516,
        -706.1305066674223,
        80.81418285273355,
        -1.5938088944351927,
        -0.18898124697161034,
        -0.781587363888918
    ],
    "R2": [
        276.5643590861207,
        -728.9756080123435,
        353.1904471797277,
        -1.9460251814007499,
        -0.09280455613900318,
        -0.6774780411235442
    ]
}