{
    "PLANE_POINT": [
        492.8773402530479,
        24.819066686821046,
        -28.333990800639253
    ],
    "L_POINT": [
        366.10098718187464,
        358.5158580365797,
        -34.54345489265614
    ],
    "R_POINT": [
        618.0211428127674,
        353.32973364546564,
        -29.130975018115123
    ],
    "line_l_point": [
        399.62813826622755,
        355.0446457306456,
        -33.16523520329799
    ],
    "line_r_point": [
        588.0518053840518,
        348.67700891822557,
        -29.97769077688212
    ],
    "screw_steel_outmost_point": [
        587.755559827589,
        342.85207051366706,
        -24.34898478408286
    ],
    "terminal_l_point": [
        369.16450659364847,
        352.95031292541717,
        -33.832181943616106
    ],
    "terminal_r_point": [
        617.2060189577458,
        350.26402294591554,
        -29.607846391560038
    ]
}