{
    "E0": {
        "PLANE_POINT": [
            511.9711014441687,
            -92.65290839696178,
            -30.749727943144624
        ],
        "L_POINT": [
            606.7950380521556,
            -455.62209931142337,
            -32.712491686899156
        ],
        "R_POINT": [
            362.39240315991407,
            -438.1408346401147,
            -36.85262651271864
        ],
        "line_l_point": [
            576.360579252568,
            -445.44838905899314,
            -34.69122894155204
        ],
        "line_r_point": [
            392.4627293761495,
            -435.0616527465513,
            -38.82126551972715
        ],
        "screw_steel_outmost_point": [
            393.3901530932126,
            -428.4550079261606,
            -31.504016756275583
        ],
        "terminal_l_point": [
            607.6097360266053,
            -448.6137507070492,
            -34.44148565813333
        ],
        "terminal_r_point": [
            362.0390682994964,
            -437.79632492302267,
            -40.224174876565996
        ]
    },
    "E1": {
        "PLANE_POINT": [
            492.8773402530479,
            24.819066686821046,
            -28.333990800639253
        ],
        "L_POINT": [
            366.10098718187464,
            358.5158580365797,
            -34.54345489265614
        ],
        "R_POINT": [
            618.0211428127674,
            353.32973364546564,
            -29.130975018115123
        ],
        "line_l_point": [
            397.29278024459734,
            350.6101869599135,
            -32.20000035027789
        ],
        "line_r_point": [
            588.1627181767414,
            351.0060284918379,
            -30.093302965463373
        ],
        "screw_steel_outmost_point": [
            587.7708949944276,
            343.3114332155471,
            -22.519025565745068
        ],
        "terminal_l_point": [
            370.5288743313671,
            353.7485389956225,
            -33.46694704481816
        ],
        "terminal_r_point": [
            620.1736870415989,
            353.53479048371895,
            -29.11653679094774
        ]
    }
}