{
    "corners": {
        "P1": [
            38.50172,
            710.93673,
            344.28223
        ],
        "P2": [
            -5.78954,
            708.7077,
            366.37185
        ],
        "P3": [
            -23.49955,
            707.61024,
            411.8997
        ],
        "P4": [
            -19.38971,
            707.73568,
            440.49605
        ],
        "P5": [
            2.11541,
            708.73215,
            465.4328
        ],
        "P6": [
            48.11169,
            710.79576,
            480.41582
        ]
    }
}