{
    "line_l_point": [
        177.2177085342577,
        803.91483865574,
        -51.70569421610001
    ],
    "line_r_point": [
        279.9821388762964,
        645.9831352743204,
        -54.664652677294576
    ],
    "screw_steel_outmost_point": [
        274.5272037339042,
        642.5627803754303,
        -48.22145044874916
    ],
    "terminal_l_point": [
        158.97029882122092,
        838.7637322792194,
        -52.227000419208906
    ],
    "terminal_r_point": [
        298.4275975192693,
        623.1983962473861,
        -54.3704540142478
    ],
    "PLANE_POINT": [
        -168.383820233813,
        473.1695064117728,
        -56.81564214695134
    ],
    "L_POINT": [
        164.03668047009273,
        833.9163378391889,
        -52.48709293163395
    ],
    "R_POINT": [
        302.91288416616976,
        625.3609776308633,
        -56.46448129119519
    ]
}