{
    "L1": [
        207.4753737918104,
        -740.1358099390428,
        69.44477042830621,
        -1.7034499995822452,
        -0.14154957621043063,
        1.2127739191093119
    ],
    "R1": [
        206.99537379181072,
        -738.1678099390423,
        121.86077042830826,
        -1.7034499995822459,
        -0.14154957621043218,
        1.212773919109312
    ],
    "R2": [
        350.4982128502578,
        -703.8390125871182,
        399.11357054240796,
        -1.9923602881467886,
        -0.1476226287500082,
        1.2312867595104484
    ]
}