{
    "line_l_point": [
        640.8316745935139,
        -197.62238126247175,
        -56.88158476424475
    ],
    "line_r_point": [
        460.48347353087956,
        -261.00412728761523,
        -57.359299021376685
    ],
    "screw_steel_outmost_point": [
        458.76907655840654,
        -254.4005796779598,
        -49.911211885219615
    ],
    "terminal_l_point": [
        674.1285878996789,
        -188.64399242526616,
        -55.85923256487318
    ],
    "terminal_r_point": [
        439.7605583257853,
        -273.15703424454523,
        -58.00027732638509
    ],
    "PLANE_POINT": [
        449.1449182695748,
        -0.06390637875686167,
        -47.38468178102006
    ],
    "L_POINT": [
        674.2873416831239,
        -186.50380259616946,
        -47.11338596816405
    ],
    "R_POINT": [
        433.2094014624825,
        -271.54134329315355,
        -47.49036826775127
    ]
}