{
    "PLANE_POINT": [
        468.0514145762105,
        77.19500654069047,
        -48.095989327625986
    ],
    "L_POINT": [
        342.9803221266007,
        364.17165444081957,
        -54.36624301429232
    ],
    "R_POINT": [
        607.6585592685763,
        364.53143031006266,
        -56.64190890582804
    ],
    "line_l_point": [
        374.2287835679314,
        356.51788043073793,
        -52.27973787893381
    ],
    "line_r_point": [
        577.9093912622984,
        353.73739566267767,
        -53.30760120410406
    ],
    "screw_steel_outmost_point": [
        577.8729555491561,
        347.91154217682316,
        -46.44115353444512
    ],
    "terminal_l_point": [
        353.3482656926557,
        355.9121060213751,
        -51.999811654774334
    ],
    "terminal_r_point": [
        608.3668005907075,
        359.8330206765164,
        -41.06059867117613
    ]
}