{
    "L1": [
        395.33673188533123,
        -571.4696280096343,
        270.19482201220114,
        -2.4694365042504205,
        0.12783407609100483,
        1.3861210196547629
    ],
    "R1": [
        387.97593184549044,
        -680.4776280096391,
        273.9324220678961,
        -2.4694365042504205,
        0.1278340760910046,
        1.386121019654762
    ],
    "R2": [
        542.6719881561419,
        -669.7636063555091,
        279.19772175432377,
        -2.4694365042504165,
        0.12783407609100483,
        1.3861210196547615
    ]
}