{
    "L1": [
        200.24648743040828,
        -734.6650161501121,
        241.5871563568393,
        -1.8266586662549271,
        0.07117604796727273,
        1.2328320717631878
    ],
    "R1": [
        200.24648743040808,
        -734.6650161501119,
        275.48155686191035,
        -1.8266586662549282,
        0.0711760479672714,
        1.232832071763187
    ],
    "R2": [
        293.86124750063783,
        -715.6210823096136,
        306.16046944744494,
        -1.9783296921409317,
        -0.192818532757161,
        1.0739902919164979
    ]
}