{
    "L1": [
        446.9026238769281,
        -535.7333441936827,
        16.959324585145396,
        -1.6330693961379357,
        0.1303489733304002,
        2.107186072212706
    ],
    "R1": [
        448.0054391690072,
        -537.4699698116605,
        161.39404570025408,
        -1.6330693961379317,
        0.1303489733304013,
        2.1071860722127056
    ],
    "R2": [
        480.54661408049816,
        -415.94834403347045,
        161.3940457002539,
        -1.6330693961379326,
        0.13034897333040196,
        2.107186072212706
    ]
}