{
    "L1": [
        372.9490814914921,
        -764.5065377444636,
        308.63027804990577,
        -2.357275824386689,
        -0.015671241241401734,
        1.5647169526407083
    ],
    "R1": [
        358.68341279175183,
        -947.1125734945493,
        311.5982581562501,
        -2.3572758243866807,
        -0.015671241241401734,
        1.4105596841899293
    ],
    "R2": [
        474.808255270123,
        -919.172497295601,
        309.4101006576666,
        -2.548260358150797,
        0.042168544878334435,
        1.3669848480369633
    ]
}