{
    "corners": {
        "DR": [
            -400.85049757900356,
            108.69355986043578,
            -39.03256910839804
        ],
        "DL": [
            -406.5614802881542,
            24.860645884418986,
            -38.818279013016024
        ],
        "L0": [
            -440.4594709888663,
            -18.79700359155794,
            -37.12457880656435
        ],
        "L1": [
            -602.8915200216395,
            -12.742265477994222,
            -37.828518506032
        ],
        "UL": [
            -638.3491465466436,
            17.11812682266926,
            -39.787179361743576
        ],
        "UR": [
            -634.6704576669993,
            98.61423510944192,
            -39.67364903339461
        ],
        "R1": [
            -591.2552570510616,
            144.3021414215099,
            -39.76737791851751
        ],
        "R0": [
            -446.2614674404283,
            139.874490684938,
            -39.273638717730414
        ]
    }
}