{
    "corners": {
        "P1": [
            33.54855,
            696.85217,
            321.58019
        ],
        "P2": [
            103.48148,
            699.17126,
            335.21901
        ],
        "P3": [
            130.69309,
            697.50289,
            408.75103
        ],
        "P4": [
            104.28178,
            701.32329,
            466.02869
        ],
        "P5": [
            31.41618,
            700.21679,
            499.50512
        ]
    }
}