{
    "L1": [
        207.91174585025902,
        -738.2831410872545,
        73.88704488528501,
        -1.70662466372286,
        0.013963235185264988,
        1.148803296467182
    ],
    "R1": [
        206.0685458227764,
        -736.6447410628408,
        141.24064508210924,
        -1.7066246637228035,
        0.013963235185293854,
        1.148803296467182
    ],
    "R2": [
        309.22529276938104,
        -710.2194467813908,
        307.66875997167847,
        -1.8751497825796606,
        0.04129870988282325,
        1.0721397248281268
    ]
}