{
    "PLANE_POINT": [
        511.9711014441687,
        -92.65290839696178,
        -30.749727943144624
    ],
    "L_POINT": [
        591.1,
        -440.2,
        -35.7
    ],
    "R_POINT": [
        341.0,
        -432.6,
        -39.7
    ],
    "line_l_point": [
        556.8077968219709,
        -437.9240274799122,
        -36.06193685069374
    ],
    "line_r_point": [
        370.85397323038137,
        -430.9796215413452,
        -39.592411711961276
    ],
    "screw_steel_outmost_point": [
        371.6282033781132,
        -423.21311824537503,
        -31.005678093638863
    ],
    "terminal_l_point": [
        594.8213338617044,
        -430.0904242498942,
        -9.982370221762764
    ],
    "terminal_r_point": [
        341.6975091627851,
        -432.23059092886615,
        -39.93273892573094
    ]
}