{
    "corners": {
        "P1": [
            -470.9760803468473,
            -314.0913470802425,
            67.80061256002466
        ],
        "P2": [
            -488.51557359270623,
            -216.71138821865208,
            67.01515221662419
        ],
        "P3": [
            -514.4808619737493,
            -209.23806578159522,
            68.41782817711095
        ],
        "P4": [
            -562.5118275775214,
            -226.73563339833555,
            69.25471002939719
        ],
        "P5": [
            -565.9146007216793,
            -315.7415906098934,
            69.284514033618
        ],
        "P6": [
            -525.7741047138328,
            -335.09996852886377,
            68.48806292208945
        ],
        "P7": [
            -470.9760803468473,
            -314.0913470802425,
            67.80061256002466
        ]
    }
}