{
    "PLANE_POINT": [
        569.9720129743658,
        -463.4232739104295,
        159.91608511448771,
        -1.6856893542817373,
        0.018089273542053252,
        -0.1471773067894847
    ],
    "L1": [
        627.2904129873374,
        -679.4072740840096,
        81.47768394565605,
        -1.6856893542817386,
        0.018089273542051476,
        -0.14717730678948449
    ],
    "R1": [
        625.1144129549131,
        -674.3896740092398,
        159.91608511448902,
        -1.6856893542817377,
        0.018089273542051254,
        -0.14717730678948426
    ]
}