{
    "L1": [
        210.19869480253203,
        -733.1363616306879,
        191.75814955241458,
        -1.7058628483691367,
        0.07377018290386128,
        1.3108768030260738
    ],
    "R1": [
        207.25469475866032,
        -731.7027616093276,
        261.598149552417,
        -1.70586284836914,
        0.07377018290387038,
        1.3108768030260727
    ],
    "R2": [
        289.36718615177665,
        -714.9449215799508,
        337.24595282579054,
        -1.8747368398830297,
        -0.13427102326335016,
        1.0392791050960053
    ]
}