{
    "L1": [
        -384.13447620606286,
        789.1403200000029,
        105.83348322586193,
        -1.5729398431328592,
        0.12725873661191445,
        -1.828933963449083
    ],
    "R1": [
        -385.27028618073643,
        785.7411735461443,
        327.9267054243552,
        -1.5729398431328634,
        0.12725873661191134,
        -1.8289339634490829
    ],
    "L2": [
        -515.3292409308165,
        736.9735054248139,
        101.13975910476933,
        -1.572939843132865,
        0.12725873661191245,
        -1.8289339634490818
    ],
    "R2": [
        -515.3292409308165,
        736.973505424814,
        327.9267054243551,
        -1.572939843132864,
        0.1272587366119129,
        -1.8289339634490813
    ]
}