{
    "corners": {
        "L1": [
            -242.6096180299309,
            -18.128686687093534,
            -159.21287477344322
        ],
        "L0": [
            6.914332501069936,
            -242.75441048774695,
            -152.79671081012503
        ],
        "R1": [
            -20.608791374021934,
            235.40756925321324,
            -161.83040036518545
        ],
        "R0": [
            229.98987455005397,
            9.954812299022649,
            -159.6402975552826
        ]
    }
}