{
    "corners": {
        "P1": [
            -925.86721,
            30.98867,
            143.07932
        ],
        "P2": [
            -836.39876,
            -110.44699,
            143.70996
        ],
        "P3": [
            -670.42581,
            -97.91068,
            141.54866
        ],
        "P4": [
            -600.49064,
            33.4079,
            139.83405
        ],
        "P5": [
            -657.21807,
            156.55841,
            138.79512
        ],
        "P6": [
            -846.58688,
            172.90708,
            140.75704
        ],
        "P7": [
            -924.18067,
            13.73406,
            143.80583
        ]
    }
}