{
    "corners": {
        "LA0": [
            -631.7629029423183,
            -334.9517282308851,
            576.6303218069323
        ],
        "LB0": [
            -714.623765277491,
            -356.54011827862627,
            581.3257488335108
        ],
        "RA0": [
            -688.8227263934841,
            -61.08214341505655,
            571.7031056041113
        ],
        "RB0": [
            -772.7702737033162,
            -81.47934544485688,
            573.4850427781442
        ],
        "ML": [
            -737.3130484500892,
            -341.5448458118005,
            579.3257514190468
        ],
        "MR": [
            -790.8055284203685,
            -96.67144981496992,
            574.2455124367985
        ]
    }
}