{
    "L1": [
        644.7226373246798,
        -346.5826654559956,
        55.58405007946391,
        -0.8912890691527788,
        0.02987986609984472,
        1.6374679168418986
    ],
    "R1": [
        658.8839329789733,
        -463.7621137286991,
        58.672020050168385,
        -0.8912890691527815,
        0.02987986609984361,
        1.6374679168419053
    ],
    "R2": [
        742.3816091965035,
        -290.810900121494,
        62.01270665941121,
        -0.9056959792124704,
        0.07891992713815976,
        1.7010475500342905
    ]
}