{
    "E0": {
        "PLANE_POINT": [
            467.5752104116946,
            -170.84495943869368,
            -8.262490263840071
        ],
        "L_POINT": [
            605.1503161077264,
            -413.2930276865793,
            -3.0112706814766077
        ],
        "R_POINT": [
            350.7628738678754,
            -424.0658051164711,
            -5.865879444231281
        ]
    },
    "E1": {
        "PLANE_POINT": [
            464.75119211840405,
            147.67520390361804,
            -6.56905484418796
        ],
        "L_POINT": [
            348.87071223948743,
            363.45055750815567,
            -12.07425366883108
        ],
        "R_POINT": [
            600.1440952350084,
            356.5163519417579,
            -7.510367201302548
        ]
    }
}