{
    "df_dict": {
        "x": [
            21.285458246361003,
            21.207013137595617,
            26.281958652809863,
            31.292391748996465,
            36.305675342659995,
            41.318100970694296,
            46.33613298850098,
            51.36557159592031,
            56.41681946763708,
            61.4418149853251,
            66.45462457266353,
            71.46064173259217,
            76.49284607081367,
            81.54778635783381,
            86.57293772780899,
            91.641225241369,
            96.64209607014061,
            101.6909792878539,
            106.70132467431381,
            111.74989300848041,
            116.7982844444733,
            121.83855142427161,
            126.85650933096767,
            131.8755212536026,
            136.90226092014154,
            141.96946373784823,
            147.01019738964635,
            152.04328079353238,
            157.05841499218366,
            162.0424715171356,
            167.08190106843352,
            172.07964813471202,
            177.14334265170382,
            182.15910313684384,
            187.19783887778368,
            192.20175236497073,
            197.243238697111,
            202.26154869843006,
            207.3252099445928,
            212.3446797257265,
            217.38247335480128,
            222.37681784309518,
            227.37592696309827
        ],
        "y": [
            869.6312390110188,
            869.8230072533765,
            870.1849890850062,
            870.1390319801187,
            869.7919832017411,
            869.7460850558728,
            869.8075618845626,
            869.9680218599825,
            870.0216997415899,
            870.1782990827462,
            870.0427541963951,
            870.0094877229207,
            869.4714865080425,
            870.0337373710587,
            869.9069921189489,
            869.8822990766765,
            869.9504135579398,
            869.7182543302241,
            869.5965315943877,
            869.9753533819951,
            869.8444441749511,
            869.8169594722859,
            869.9026984671317,
            869.8853179964349,
            869.7517938364849,
            869.9164760634443,
            869.3990341855815,
            869.9812061103347,
            870.0552698559534,
            869.7310755395696,
            869.7132673451002,
            869.6956294798689,
            869.7752406480657,
            869.6542578072471,
            869.6355295425062,
            869.9185307509351,
            869.8990557486507,
            869.9724417815324,
            869.9448475595686,
            869.7236222529563,
            869.8006664026955,
            870.0754260925668,
            869.6514073805564
        ],
        "z": [
            99.67559710064407,
            89.6757435364095,
            99.93702499493975,
            100.39884545337554,
            101.05818810542578,
            101.81682393642305,
            101.97051639984278,
            101.82446328477388,
            101.18440280858036,
            101.24730934631754,
            101.41077475385578,
            102.27670096557202,
            102.23712940343555,
            101.9981335617872,
            101.48240846168528,
            101.4666483058723,
            102.14054114110115,
            103.1154707383707,
            103.274655177195,
            103.03487897975899,
            102.20828271341117,
            102.38472317147281,
            102.75704895676128,
            103.7251312825212,
            103.98103525507415,
            103.43738842274155,
            102.6176643764959,
            102.59790291634505,
            103.07569586064156,
            104.24736938495252,
            104.51498030911384,
            104.68115018143826,
            103.85108498622361,
            103.52822195700617,
            103.70633801035743,
            104.3791919024251,
            105.35089055062824,
            105.20852939550801,
            104.86732097665552,
            104.54913614186631,
            104.43172106218313,
            105.40805089724009,
            106.6826336200374
        ],
        "type": [
            "seam",
            "high_far",
            "seam",
            "seam",
            "seam",
            "seam",
            "seam",
            "seam",
            "seam",
            "seam",
            "seam",
            "seam",
            "seam",
            "seam",
            "seam",
            "seam",
            "seam",
            "seam",
            "seam",
            "seam",
            "seam",
            "seam",
            "seam",
            "seam",
            "seam",
            "seam",
            "seam",
            "seam",
            "seam",
            "seam",
            "seam",
            "seam",
            "seam",
            "seam",
            "seam",
            "seam",
            "seam",
            "seam",
            "seam",
            "seam",
            "seam",
            "seam",
            "seam"
        ],
        "rev_idx": [
            41,
            41,
            40,
            39,
            38,
            37,
            36,
            35,
            34,
            33,
            32,
            31,
            30,
            29,
            28,
            27,
            26,
            25,
            24,
            23,
            22,
            21,
            20,
            19,
            18,
            17,
            16,
            15,
            14,
            13,
            12,
            11,
            10,
            9,
            8,
            7,
            6,
            5,
            4,
            3,
            2,
            1,
            0
        ]
    },