{
    "L1": [
        187.46057517770458,
        -282.60253165900843,
        135.23338367374438,
        -1.8123277872946213,
        0.03228079184963906,
        -3.027972686242765
    ],
    "R1": [
        188.4544488273007,
        -285.60674064528854,
        55.66365058619991,
        -1.8123277872946206,
        0.03228079184963861,
        -3.027972686242766
    ],
    "R2": [
        275.16155143726826,
        -211.86347572974762,
        -4.299199366075754,
        -1.2264573479947636,
        0.02252758429305901,
        3.038013991343945
    ]
}