{
    "PLANE_POINT": [
        438.2500049104622,
        39.0675259047525,
        -58.7299278912215
    ],
    "L_POINT": [
        670.9675767022744,
        -176.0457038649717,
        -55.73954831197586
    ],
    "R_POINT": [
        436.1885037976969,
        -262.4578142235689,
        -57.53007561680412
    ],
    "line_l_point": [
        638.819258008708,
        -181.5400043856555,
        -57.04043134463438
    ],
    "line_r_point": [
        461.9879501000841,
        -245.98905895733634,
        -57.62397204765252
    ],
    "screw_steel_outmost_point": [
        460.01916835320714,
        -239.04437237869644,
        -50.130960186082916
    ],
    "terminal_l_point": [
        666.5127477001753,
        -175.40487577096349,
        -56.76593301996512
    ],
    "terminal_r_point": [
        430.3522513877176,
        -257.77573261745925,
        -58.01348406516009
    ]
}