{
    "corners": {
        "LA0": [
            -170.76639747904363,
            131.77569064812923,
            -73.11111646816136
        ],
        "LB0": [
            -44.1685719709904,
            131.02612235212447,
            -74.06580505919928
        ],
        "RA0": [
            -159.705056546756,
            -142.04205774328491,
            -75.08178245414283
        ],
        "RB0": [
            -48.669716768152284,
            -143.68746677781718,
            -74.30024287695525
        ],
        "ML": [
            -29.041048656576436,
            121.00607470706454,
            -73.70628144964701
        ],
        "MR": [
            -27.68185303503884,
            -129.4638151549946,
            -74.25068742884474
        ]
    }
}