{
    "L1": [
        298.2278506610769,
        -728.7639657072311,
        313.28702078590607,
        -1.6856144368602637,
        -0.12458935128085491,
        -0.5133397300454926
    ],
    "R1": [
        300.22784859779085,
        -729.7639646755882,
        242.45343607672055,
        -1.6856144368602637,
        -0.12458935128085313,
        -0.5133397300454926
    ],
    "R2": [
        152.57103167634125,
        -757.8456452920053,
        296.13405378188827,
        -1.7000836356873918,
        0.11132790662571823,
        -0.5988370149312233
    ]
}