{
    "df_dict": {
        "x": [
            -244.21440415338813,
            -243.94770764177167,
            -239.22477137563504,
            -234.24278854562885,
            -229.3173800184317,
            -224.47594103036678,
            -220.17446880902202,
            -215.6772006049324,
            -211.74402768323367,
            -207.14776196582952,
            -202.3293995816845,
            -195.77643106400058,
            -187.69547617924997
        ],
        "y": [
            823.601309059796,
            823.1177574642345,
            824.1473316075273,
            824.6779021397869,
            826.1830078031647,
            828.3635721997442,
            834.8532058121249,
            839.8448055742308,
            845.3243773534588,
            846.6424569980686,
            846.8638903154963,
            843.5771132719942,
            834.9084268160417
        ],
        "z": [
            161.9921070338984,
            151.9574146706457,
            162.24788842599222,
            162.80317393077456,
            163.80635604324328,
            165.13874256484812,
            167.25660880487345,
            169.8570006284724,
            172.87471084778008,
            176.0956947756009,
            180.05848053778251,
            177.07852405325016,
            166.63274569446494
        ],
        "type": [
            "seam",
            "high_far",
            "seam",
            "seam",
            "seam",
            "seam",
            "seam",
            "seam",
            "seam",
            "seam",
            "seam",
            "seam",
            "seam"
        ],
        "rev_idx": [
            11,
            11,
            10,
            9,
            8,
            7,
            6,
            5,
            4,
            3,
            2,
            1,
            0
        ]
    },
    "target_rt_rev_list": [
        [
            -187.67091719020314,
            834.9007430305811,
            172.48326224988244,
            -1.624896574557433,
            -0.10472350354003024,
            2.3264380424312208
        ],
        [
            -195.87466702018736,
            843.6078484138357,
            173.7406775776629,
            -1.6284953461550276,
            -0.08349622181693328,
            2.670836039003455
        ],
        [
            -202.18204564740432,
            846.8177876027345,
            174.3329739523779,
            -1.623703740252383,
            0.014162525774632062,
            3.0843657450597473
        ],
        [
            -207.3152053026093,
            847.111863555885,
            174.26015137402746,
            -1.6030366497225579,
            0.14840135872049243,
            -2.6225056225904932
        ],
        [
            -211.6010404654857,
            844.6631507855299,
            173.52220984261155,
            -1.5891883282004222,
            0.10257290640321437,
            -2.3558285078735715
        ],
        [
            -215.84752169149527,
            840.4135601473001,
            172.90381946950455,
            -1.5791338290684627,
            0.4667355489580358,
            -2.163952559426769
        ],
        [
            -220.04626989348498,
            834.1852250463992,
            169.11906384181057,
            -1.5882184409628641,
            0.5131426104696133,
            -2.305879365039907
        ],
        [
            -224.5780918855429,
            829.1727762182027,
            165.31134058305446,
            -1.5987240331663073,
            0.25890838907498903,
            -2.5258790270922247
        ],
        [
            -229.28064270489486,
            825.8459203562638,
            163.78568709146595,
            -1.6165201130219478,
            0.20406708885573321,
            -2.9316909620446365
        ],
        [
            -234.24463389866378,
            824.788393300745,
            162.7353467177614,
            -1.6183312651565571,
            0.11382662718772973,
            -2.999016599482553
        ],
        [
            -239.22354114027854,
            824.0736708335555,
            162.16031946194082,
            -1.6198038153017285,
            0.019893362759542788,
            -3.0508922689242404
        ],
        [
            -244.21471171222726,
            823.6197242532886,
            162.0606053240042,
            -1.6198038153017285,
            0.019893362759542788,
            -3.0508922689242404
        ]
    ],
    "safe_return_rt": [
        202.51426004882134,
        831.1143993434259,
        241.4908736107928,
        -1.2116019098126656,
        0.03199561993845834,
        3.1234525065841914
    ]
}