{
    "L1": [
        -121.40599387080498,
        -796.522923043643,
        145.2463791319746,
        -2.3829722838491145,
        0.059634094699471785,
        0.19419645095083027
    ],
    "R1": [
        -278.92481178387226,
        -837.4652402471648,
        149.2619522978712,
        -2.3829722838491203,
        0.059634094699475115,
        0.19419645095083027
    ],
    "R2": [
        -69.11133383528781,
        -957.3017354754215,
        148.45729619683937,
        -2.497787817188294,
        -0.029622009697488405,
        0.41328313997676025
    ]
}