{
    "PLANE_POINT": [
        492.8773402530479,
        24.819066686821046,
        -28.333990800639253
    ],
    "L_POINT": [
        343.1,
        358.2,
        -34.5
    ],
    "R_POINT": [
        593.4,
        363.5,
        -29.0
    ],
    "line_l_point": [
        375.5624824463961,
        353.63995441624644,
        -32.87422763395952
    ],
    "line_r_point": [
        563.6503762916814,
        356.9527128978533,
        -30.49170671065336
    ],
    "screw_steel_outmost_point": [
        563.5782328781887,
        349.4510352787839,
        -23.000403204090375
    ],
    "terminal_l_point": [
        347.65989301231843,
        355.4711945141259,
        -31.6956152332764
    ],
    "terminal_r_point": [
        596.4531313526968,
        358.5649676664629,
        -29.85842185812659
    ]
}