{
    "PLANE_POINT": [
        -837.6759618397346,
        -10.921590261075153,
        196.66467337213146,
        -1.8456396284920928,
        -0.06442082225304913,
        -0.48290611877975176
    ],
    "L1": [
        -970.6166305502261,
        -35.70294870519794,
        107.38045091924795,
        -1.5881352324020752,
        -0.03941473130769957,
        -0.9271038147475261
    ],
    "R1": [
        -970.8224827292943,
        -39.39364646673192,
        44.72989990147806,
        -1.5881352324020606,
        -0.03941473130770534,
        -0.9271038147475207
    ]
}