{
    "PLANE_POINT": [
        -640.738291910552,
        346.46735934085285,
        179.63598086500207,
        -1.1736157567932075,
        -0.022480870631062855,
        -1.3927762115195947
    ],
    "L1": [
        -730.7760574224153,
        301.972744445318,
        178.7289951297372,
        -1.2712615263517333,
        0.0038802865390170638,
        -1.328357319215835
    ],
    "R1": [
        -739.1488158314121,
        349.78288508558376,
        174.99139464834218,
        -1.2712615263517413,
        0.003880286539019062,
        -1.328357319215835
    ]
}