{
    "E0": {
        "PLANE_POINT": [
            475.72457574395696,
            -160.8455444628933,
            -50.47366189932595
        ],
        "L_POINT": [
            586.8285973920349,
            -444.8400724196543,
            -45.269262201477645
        ],
        "R_POINT": [
            333.93792791118034,
            -444.24117653921604,
            -46.689653827708625
        ],
        "line_l_point": [
            562.9324363939713,
            -439.9598039168227,
            -46.94171119944009
        ],
        "line_r_point": [
            372.04990694166776,
            -431.88831563045,
            -48.59722197971511
        ],
        "screw_steel_outmost_point": [
            371.7801161628483,
            -435.4046703690703,
            -52.41984703167184
        ],
        "terminal_l_point": [
            588.9264710467143,
            -441.9805272839549,
            -46.174368195967645
        ],
        "terminal_r_point": [
            334.6045415510648,
            -429.79897340009694,
            -48.947350360245316
        ]
    },
    "E1": {
        "PLANE_POINT": [
            444.546457776221,
            63.79104207486574,
            -51.30119123626925
        ],
        "L_POINT": [
            338.45978333302315,
            340.54099525604363,
            -55.078348614792496
        ],
        "R_POINT": [
            596.9643868862345,
            350.5967705163936,
            -54.930216258146366
        ],
        "line_l_point": [
            379.48283402013124,
            350.5366202817553,
            -34.424821023337515
        ],
        "line_r_point": [
            574.602583571836,
            352.2794489154779,
            -31.825954250638652
        ],
        "screw_steel_outmost_point": [
            575.2099996419308,
            375.548624052009,
            -54.681512309527236
        ],
        "terminal_l_point": [
            348.41333881904706,
            350.8735859648429,
            -34.79528078672411
        ],
        "terminal_r_point": [
            576.4983579865122,
            353.1351459244771,
            -32.644337356410006
        ]
    }
}