{
    "PLANE_POINT": [
        468.93775974437636,
        123.01354895689401,
        -30.396916747071955
    ],
    "L_POINT": [
        345.3339219515367,
        362.18397325576746,
        -37.6808229375879
    ],
    "R_POINT": [
        617.0503207938718,
        370.1780471520666,
        -31.923472487508707
    ],
    "line_l_point": [
        377.71201193147124,
        358.43243725080913,
        -35.97885458461284
    ],
    "line_r_point": [
        586.9974983875242,
        365.41023586085856,
        -31.639090624893413
    ],
    "screw_steel_outmost_point": [
        586.9416376756402,
        357.96100944085697,
        -23.681333068620525
    ],
    "terminal_l_point": [
        347.18809957105015,
        361.06086735616014,
        -35.01453860771704
    ],
    "terminal_r_point": [
        617.8952713495675,
        365.99304617422706,
        -30.33373872017046
    ]
}