{
    "df_dict": {
        "x": [
            -532.3962949361687,
            -534.1338111822332,
            -532.9289120263118,
            -533.2601660534301,
            -533.7902444459637,
            -534.1159353260716,
            -534.6546957152943,
            -535.1958782038544,
            -535.750676839695,
            -536.2995913183331,
            -536.44226558546,
            -536.5694964416938,
            -536.9896498972663,
            -537.2147595090005,
            -537.5498291341838,
            -537.9038463021542,
            -538.5645871377318,
            -539.2170260991385,
            -539.7577705674947,
            -540.0928631526702,
            -540.1247685218307,
            -540.3636277658155,
            -540.4988039559919,
            -540.6282502269094,
            -541.2368753971011
        ],
        "y": [
            392.24095879759227,
            391.7859241852417,
            397.21339992608694,
            402.20905868009464,
            407.18350768371613,
            412.17734295027054,
            417.15419686685993,
            422.12782122402075,
            427.09982249459176,
            432.0695473687409,
            437.07921601568825,
            442.0994314992206,
            447.10280390975936,
            452.107792449356,
            457.10749749436553,
            462.1041393982305,
            467.0828684242261,
            472.0504924293957,
            477.0395848201106,
            482.0302808507955,
            487.0714407223718,
            492.0649102352916,
            497.07909901749304,
            502.0887900874362,
            507.09135307766184
        ],
        "z": [
            259.4304919352455,
            249.4794125567949,
            259.396605965547,
            259.45713322963945,
            259.52317237239345,
            259.78346413303075,
            259.5494221562575,
            259.21550638971536,
            258.3829512061343,
            257.7523775904658,
            257.4117749309416,
            257.6708443840986,
            258.2364960277438,
            258.5939350276036,
            258.55365884753803,
            257.8138724301284,
            256.88578114668684,
            256.1624921554543,
            255.73811883751853,
            255.50792619595265,
            255.56909887217228,
            255.3371538524747,
            255.30215040839514,
            255.4670309238109,
            256.44477027310234
        ],
        "type": [
            "seam",
            "high_far",
            "seam",
            "seam",
            "seam",
            "seam",
            "seam",
            "seam",
            "seam",
            "seam",
            "seam",
            "seam",
            "seam",
            "seam",
            "seam",
            "seam",
            "seam",
            "seam",
            "seam",
            "seam",
            "seam",
            "seam",
            "seam",
            "seam",
            "seam"
        ],
        "rev_idx": [
            23,
            23,
            22,
            21,
            20,
            19,
            18,
            17,
            16,
            15,
            14,
            13,
            12,
            11,
            10,
            9,
            8,
            7,
            6,
            5,
            4,
            3,
            2,
            1,
            0
        ]
    },
    "target_rt_rev_list": [
        [
            -541.2313474587584,
            507.09103041174615,
            256.23379215782006,
            -1.7490604775012493,
            0.09433501612554718,
            -1.4551397618088768
        ],
        [
            -540.6503619802799,
            502.09008075109773,
            255.75744067125834,
            -1.7458199106339896,
            0.06277207617152203,
            -1.53396306554155
        ],
        [
            -540.4656363259364,
            497.0771630220008,
            255.44214160480306,
            -1.7449268180626376,
            0.030801972783184528,
            -1.5434202078738308
        ],
        [
            -540.3286057604003,
            492.0729353732472,
            255.28789495845422,
            -1.7445649139316277,
            -0.0013563936658427256,
            -1.5441895853853969
        ],
        [
            -540.1951209235001,
            487.0571638228733,
            255.29470073221185,
            -1.744673803208035,
            -0.012716458492626703,
            -1.5400250993617863
        ],
        [
            -540.0407766020699,
            482.04288208512173,
            255.35849827663134,
            -1.745712199364048,
            -0.0625351356726156,
            -1.514419965764542
        ],
        [
            -539.7580772482983,
            477.03369411041115,
            255.67265661422604,
            -1.7478450086895023,
            -0.0931332735842334,
            -1.4623875590319781
        ],
        [
            -539.2162173652459,
            472.05498712813426,
            256.1404312550836,
            -1.7490142134473352,
            -0.12096554735891751,
            -1.436955884182367
        ],
        [
            -538.5464471729123,
            467.08065994856963,
            256.7505622447698,
            -1.7486541569642888,
            -0.12817335836342214,
            -1.4526493773335725
        ],
        [
            -537.9555150164343,
            462.10228303305064,
            257.3966791798762,
            -1.7473045745229943,
            -0.10878358193007265,
            -1.4832726180977232
        ],
        [
            -537.5173615402857,
            457.10896064495154,
            257.9441190174967,
            -1.7455716981409637,
            -0.05246006615588583,
            -1.517137277457175
        ],
        [
            -537.2487037656822,
            452.1070107370345,
            258.20714118982727,
            -1.7461469054438545,
            0.00044403638524292965,
            -1.5055112717209833
        ],
        [
            -536.9216810143697,
            447.10497752339074,
            258.2049153632282,
            -1.746186836903112,
            0.0370475899311451,
            -1.514178815749204
        ],
        [
            -536.6377535091292,
            442.0955015753668,
            258.01894340654616,
            -1.7453479061952235,
            0.03031704498874399,
            -1.533253122455002
        ],
        [
            -536.4493310817791,
            437.0790439848341,
            257.86670534767933,
            -1.7452598498489218,
            -0.004413796946781456,
            -1.5273423272321083
        ],
        [
            -536.2317782164826,
            432.07568597777833,
            257.8888101638116,
            -1.7469764258181755,
            -0.06268885563258197,
            -1.4809787596868704
        ],
        [
            -535.7833216182519,
            427.096147624959,
            258.20264632706414,
            -1.7481150814634923,
            -0.09223026661073286,
            -1.4536228068566268
        ],
        [
            -535.1985091483484,
            422.12801491967844,
            258.6653348554884,
            -1.7480187618500125,
            -0.09623741725820079,
            -1.458094025382357
        ],
        [
            -534.6356807332043,
            417.15523789409144,
            259.14844997786105,
            -1.74727105406504,
            -0.08720905518887734,
            -1.477552840921879
        ],
        [
            -534.1697728487563,
            412.17304700140494,
            259.58594749823294,
            -1.7469310245410021,
            -0.01957388107299196,
            -1.4807581383832398
        ],
        [
            -533.7199013974456,
            407.19010456596357,
            259.6838922239542,
            -1.746641561896828,
            0.00470472762733376,
            -1.492598767813591
        ],
        [
            -533.3290288511116,
