{
    "E0": {
        "PLANE_POINT": [
            511.9711014441687,
            -92.65290839696178,
            -30.749727943144624
        ],
        "L_POINT": [
            591.1,
            -440.2,
            -35.7
        ],
        "R_POINT": [
            341.0,
            -432.6,
            -39.7
        ],
        "line_l_point": [
            559.0781885005987,
            -433.6518156190836,
            -36.24504185284721
        ],
        "line_r_point": [
            370.94476737759607,
            -430.4595744375043,
            -38.06554975598155
        ],
        "screw_steel_outmost_point": [
            371.5958196023124,
            -423.77630985930944,
            -31.04770781001708
        ],
        "terminal_l_point": [
            586.7901242037447,
            -438.83512579299287,
            -35.582411422756536
        ],
        "terminal_r_point": [
            338.9977503872467,
            -430.01157958369697,
            -40.10190747914456
        ]
    },
    "E1": {
        "PLANE_POINT": [
            492.8773402530479,
            24.819066686821046,
            -28.333990800639253
        ],
        "L_POINT": [
            343.1,
            358.2,
            -34.5
        ],
        "R_POINT": [
            593.4,
            363.5,
            -29.0
        ],
        "line_l_point": [
            376.6208339133624,
            355.87765364536546,
            -32.82329304482423
        ],
        "line_r_point": [
            563.6718826428964,
            360.9169355391823,
            -30.280812597810268
        ],
        "screw_steel_outmost_point": [
            563.602871761231,
            353.6183530136797,
            -23.28825007634226
        ],
        "terminal_l_point": [
            346.8450829325626,
            359.627352238139,
            -32.07750259209048
        ],
        "terminal_r_point": [
            597.3885805556878,
            358.30201813485587,
            -29.832695468738436
        ]
    }
}