{
    "E0": {
        "PLANE_POINT": [
            419.05285561702317,
            34.93536557180325,
            -58.11981165909458
        ],
        "L_POINT": [
            669.1482802598399,
            -173.8100516806688,
            -56.18514377799022
        ],
        "R_POINT": [
            434.8965043727102,
            -260.6355968651872,
            -57.018234621972255
        ],
        "line_l_point": [
            636.8018094862736,
            -181.51574835030434,
            -56.89869774422804
        ],
        "line_r_point": [
            461.154851635095,
            -245.69097891945648,
            -58.004321162345214
        ],
        "screw_steel_outmost_point": [
            459.2562166165893,
            -238.94907312044953,
            -50.72133473754525
        ],
        "terminal_l_point": [
            667.0493427419564,
            -174.81074178633756,
            -57.10848468918033
        ],
        "terminal_r_point": [
            433.3714463433903,
            -259.998638943583,
            -57.944416028413926
        ]
    },
    "E1": {
        "PLANE_POINT": [
            392.76871477625326,
            154.68224093718243,
            -52.61506993811066
        ],
        "L_POINT": [
            255.68200169034245,
            433.61380169694075,
            -51.10242775416479
        ],
        "R_POINT": [
            505.9689236665319,
            449.4658808054397,
            -50.60968450505132
        ],
        "line_l_point": [
            289.3274580178671,
            432.75634753528846,
            -50.070709469275386
        ],
        "line_r_point": [
            476.4338515923415,
            443.73713716601776,
            -50.822362685617684
        ],
        "screw_steel_outmost_point": [
            476.7681844221145,
            437.33213554813983,
            -44.78960412639136
        ],
        "terminal_l_point": [
            260.3545184512758,
            435.223105252547,
            -48.45119606075172
        ],
        "terminal_r_point": [
            505.526567070761,
            443.1716223491898,
            -50.756593608407655
        ]
    }
}