{
    "L1": [
        380.55924616406594,
        -621.5910328817877,
        300.7509441196554,
        -2.369059118188292,
        0.00848148889879985,
        1.3850141487919383
    ],
    "R1": [
        372.162446038943,
        -738.0870328817923,
        302.88774422134145,
        -2.3690591181882876,
        0.008481488898800293,
        1.3850141487919378
    ],
    "R2": [
        474.808255270123,
        -919.172497295601,
        309.4101006576666,
        -2.548260358150797,
        0.042168544878334435,
        1.3669848480369633
    ]
}