{
    "corners": {
        "L1": [
            -211.95409517451202,
            -39.07143467463672,
            -151.69497884974936
        ],
        "L0": [
            -41.00466704612887,
            -191.30272395863793,
            -147.33126856074568
        ],
        "LA1": [
            -236.45549071092586,
            -5.1810684110330385,
            -153.5461233864051
        ],
        "RA1": [
            -25.690275365474292,
            226.27532260884885,
            -156.93910498779678
        ],
        "R1": [
            4.47854906741901,
            209.93164359418813,
            -155.36254811403415
        ],
        "R0": [
            204.40387255374202,
            18.683504784990987,
            -154.50171992037127
        ],
        "LA0": [
            19.901766485542964,
            -231.56274180902227,
            -158.78995179358077
        ],
        "RA0": [
            228.45216674072753,
            5.1092584770607345,
            -155.41075174322242
        ]
    }
}