{
    "L1": [
        391.2723556765876,
        -709.0012918806244,
        132.93957081576764,
        -1.8913719804817144,
        -0.32498633380242525,
        -0.5221974323457448
    ],
    "R1": [
        395.1411557692853,
        -710.3036918306527,
        72.9635708157659,
        -1.8913719804817122,
        -0.32498633380242614,
        -0.5221974323457442
    ],
    "R2": [
        232.45447288661535,
        -742.9190074494011,
        322.54011345452875,
        -2.014335065198043,
        -0.11037725554335398,
        -0.6139286892187642
    ]
}