{
    "scanned_points": {
        "mid_mid_point": [
            -552.83672510801,
            167.3646241385262,
            253.83854536576442
        ],
        "mid_l_point": [
            -552.0256295162858,
            117.3101906299165,
            252.54272094315698
        ],
        "mid_r_point": [
            -552.6270162679555,
            217.38857184424836,
            254.1308614785492
        ],
        "left_upper_point": [
            -716.8534014354025,
            -1.211737017965568,
            256.01833157136684
        ],
        "left_lower_point": [
            -414.8180124480451,
            0.2530582599095865,
            249.15042257010393
        ],
        "right_upper_point": [
            -718.8647634407481,
            333.73528534038456,
            261.0603587512618
        ],
        "right_lower_point": [
            -416.8210408856271,
            334.57384106959984,
            253.2824098356344
        ]
    },
    "tool_rt0": [
        -531.92151,
        158.94321,
        205.86249,
        -1.144119524284197,
        -0.0921788663123797,
        -1.5489434082965257
    ]
}