{
    "corners": {
        "P1": [
            -459.34992353623534,
            -284.58413903426776,
            68.88692861831169
        ],
        "P2": [
            -464.8949700328541,
            -242.89779074092343,
            68.26723524516655
        ],
        "P3": [
            -519.3275425044906,
            -210.91545403334732,
            68.8625392049093
        ],
        "P4": [
            -567.7684469120907,
            -232.97334171704688,
            69.4179077670957
        ],
        "P5": [
            -570.5972057451663,
            -306.8711243096925,
            70.59947712558801
        ],
        "P6": [
            -532.288445950976,
            -329.3345283211835,
            69.5508447059093
        ],
        "P7": [
            -459.34992353623534,
            -284.58413903426776,
            68.88692861831169
        ]
    }
}