{
    "corners": {
        "L1": [
            208.28781093042454,
            983.4321809977421,
            184.29523371812138
        ],
        "L0": [
            196.87680921381138,
            661.5838730066689,
            176.89504066392092
        ],
        "ML": [
            248.0677887320889,
            811.3282467846177,
            177.29078228349044
        ],
        "MR": [
            503.21654225686837,
            799.804705782889,
            176.79341727392568
        ]
    }
}