{
    "L1": [
        633.5546174049296,
        -535.4850947649677,
        303.3899273124522,
        -2.352833442998805,
        -0.045147502131243966,
        1.461883023276939
    ],
    "R1": [
        557.7937924003644,
        -792.4964736559175,
        310.94982890852225,
        -2.352833442998801,
        -0.04514750213124108,
        1.4618830232769358
    ],
    "R2": [
        918.4823594806724,
        -563.4300737865829,
        299.2567252847379,
        -2.2622426564597014,
        -0.14966813296554293,
        1.2451756427593865
    ]
}