{
    "corners": {
        "DL": [
            -120.83299454435404,
            -477.81628624218195,
            -21.691155334373605
        ],
        "DR": [
            -205.66965701850592,
            -473.9869164511432,
            -21.87467979659732
        ],
        "UL": [
            -137.8044198923124,
            -736.0280981744706,
            -17.6887702047394
        ],
        "UR": [
            -223.15034018040464,
            -732.2265360559384,
            -18.00513627453222
        ],
        "L0": [
            -78.16716787831231,
            -534.9862261827396,
            -21.890033526490242
        ],
        "L1": [
            -87.28939846150497,
            -690.7421288926663,
            -20.36314710147218
        ],
        "R0": [
            -261.48252714856244,
            -519.0486711483154,
            -22.402901064766354
        ],
        "R1": [
            -269.2983931191733,
            -664.8831247615212,
            -20.402227377786573
        ]
    }
}