{
    "df_dict": {
        "x": [
            19.664860613700938,
            20.30632157232462,
            24.70539703707169,
            29.80599496896515,
            34.791200241038624,
            39.8590128147087,
            44.88558379042464,
            50.02375966901665,
            55.067692390968276,
            60.223908721644946,
            65.15316519081361,
            70.26685598444368,
            75.3090968407265,
            80.58918417969636,
            85.64291043363696,
            90.95126743304297,
            96.05252360684224,
            101.28298192280525
        ],
        "y": [
            713.4627406431304,
            713.6376009062645,
            713.2555380417052,
            713.7829518484332,
            714.368852718583,
            714.2397365437943,
            714.4310823463146,
            715.0556008240892,
            715.4768785243358,
            715.8669043625732,
            716.5988860553441,
            717.6029311546017,
            717.9857308966494,
            717.3956401847553,
            717.5193388843796,
            718.0974207869583,
            718.3061739580648,
            718.8814260073785
        ],
        "z": [
            -6.640408775659836,
            -16.620286115934988,
            -6.632685652210682,
            -7.496067209874525,
            -7.138027739279238,
            -6.201516959133187,
            -6.108943576719952,
            -6.593758294983132,
            -7.096441480683865,
            -7.085224263215338,
            -6.02642807922723,
            -6.360472339214056,
            -6.78710769535823,
            -6.4688859561681795,
            -5.659303894063896,
            -6.00967862539153,
            -6.546617240726249,
            -5.80864323314978
        ],
        "type": [
            "seam",
            "high_far",
            "seam",
            "seam",
            "seam",
            "seam",
            "seam",
            "seam",
            "seam",
            "seam",
            "seam",
            "seam",
            "seam",
            "seam",
            "seam",
            "seam",
            "seam",
            "seam"
        ],
        "rev_idx": [
            16,
            16,
            15,
            14,
            13,
            12,
            11,
            10,
            9,
            8,
            7,
            6,
            5,
            4,
            3,
            2,
            1,
            0
        ]
    },
    "target_rt_rev_list": [
        [
            101.2715814293932,
            718.8591468710343,
            -6.060118309942434,
            -1.5829699037950058,
            -9.33285561477426e-06,
            -3.0521709301131685
        ],
        [
            96.09812558049038,
            718.3952905034425,
            -6.060069833138891,
            -1.5830079187648367,
            0.00516577866719925,
            -3.059034249233365
        ],
        [
            90.8828644725708,
            717.9637459688925,
            -6.087103032701459,
            -1.5830406977025517,
            0.010457958414014978,
            -3.0649786944269386
        ],
        [
            85.72371529662846,
            717.5677079465968,
            -6.14121790863014,
            -1.583418157772233,
            0.015566906661252267,
            -3.140584057355278
        ],
        [
            80.50816708842117,
            717.5624475625293,
            -6.222414460924933,
            -1.583625003829529,
            0.00987631358572294,
            3.0932024622652685
        ],
        [
            75.37539718253373,
            717.811017328462,
            -6.273168365709642,
            -1.58318686335814,
            0.023318277255415243,
            -3.0922793179505934
        ],
        [
            70.21841192600004,
            717.5565028402909,
            -6.3935885673828015,
            -1.5824553515918662,
            0.051230763725182094,
            -2.9662883693207203
        ],
        [
            65.21036048633748,
            716.6694645966859,
            -6.654376526614279,
            -1.5826071615501691,
            0.018224615834655733,
            -2.9913550293602205
        ],
        [
            60.15956835111334,
            715.9048843766813,
            -6.747484273715686,
            -1.5829876668126228,
            -0.035203502152295396,
            -3.053566068439017
        ],
        [
            55.11447269687675,
            715.4596311985342,
            -6.569115217538717,
            -1.582957086967244,
            -0.013813878879400443,
            -3.0495173143112715
        ],
        [
            49.98841325545537,
            714.9863091925209,
            -6.4979987035329945,
            -1.5829345483253934,
            0.03405074556655707,
            -3.0450858006390438
        ],
        [
            44.91632903845438,
            714.4952929878059,
            -6.671581443266834,
            -1.5832594174978005,
            0.019089859588236724,
            -3.1068770509971637
        ],
        [
            39.83529606610464,
            714.318830971592,
            -6.768647918607644,
            -1.5833249863356584,
            0.0049407194294976975,
            -3.1206580534311925
        ],
        [
            34.81878728626441,
            714.213797021674,
            -6.793438714858469,
            -1.583002465357772,
            0.0025133192953028516,
            -3.058038323728909
        ],
        [
            29.773984614985803,
            713.7912982567447,
            -6.806162329468509,
            -1.5828703566064912,
            0.00012931599192866905,
            -3.0347496430608456
        ],
        [
            24.72673727305794,
            713.2499737694978,
            -6.806818762437764,
            -1.583600890213479,
            -0.002249866940063905,
            3.0993543220636597
        ],
        [
            19.659525554704366,
            713.4641317111822,
            -6.7954080137662345,
            -1.583600890213479,
            -0.002249866940063905,
            3.0993543220636597
        ]
    ],
    "safe_return_rt": [
        69.19423543756047,
        670.2757995549343,
        -189.76221884622262,
        -1.2114347607183475,
        0.04866675203572535,
        -3.116883055140063
    ]
}