{
    "corners": {
        "L1": [
            -8.114861939662546,
            230.9768167219319,
            -150.93603454141325
        ],
        "L0": [
            -231.97129911922616,
            9.41298377515264,
            -150.93603454141362
        ],
        "ML": [
            -100.2469382537372,
            67.83105746099892,
            -144.08438993669844
        ],
        "MR": [
            70.3182761475064,
            -104.17023418023706,
            -144.08438993670023
        ]
    }
}