{
    "scanned_points": {
        "mid_mid_point": [
            -575.8618531576321,
            162.55791768845316,
            359.8364791994394
        ],
        "mid_l_point": [
            -577.9026642124518,
            112.5641859977659,
            360.71115110754226
        ],
        "mid_r_point": [
            -574.8157206208185,
            212.55434640735342,
            359.6478155798114
        ],
        "left_upper_point": [
            -745.9662746906389,
            -1.2701424778566803,
            368.44980845291707
        ],
        "left_lower_point": [
            -444.13347997505844,
            -10.294268428100533,
            361.1828156074316
        ],
        "right_upper_point": [
            -735.6319756813733,
            333.8824825649319,
            362.3427326620616
        ],
        "right_lower_point": [
            -433.76951732908486,
            325.9462150041938,
            354.27849712995743
        ]
    },
    "tool_rt0": [
        -543.65582,
        160.2215,
        315.37314,
        -1.0491964767889068,
        -0.01075367165323815,
        -1.5558042975861155
    ]
}