{
    "L1": [
        227.57088434358573,
        -713.8028039907063,
        82.96507086485747,
        -1.6276455237879617,
        0.08274439422335034,
        -0.53707648208579
    ],
    "R1": [
        224.68041500231197,
        -710.787530076371,
        -72.57167123109369,
        -1.6276455237879488,
        0.082744394223353,
        -0.5370764820857893
    ],
    "R2": [
        95.52201013997664,
        -744.8183065311041,
        -82.05990696131747,
        -1.5760106980387572,
        0.10263902694539295,
        -0.45049582293672297
    ]
}