{
    "E0": {
        "PLANE_POINT": [
            475.4048131782547,
            -175.25577686655575,
            -52.46054928434851
        ],
        "L_POINT": [
            603.1448537150559,
            -434.5056244351302,
            -51.99331790005074
        ],
        "R_POINT": [
            336.5021758553897,
            -429.1733634744038,
            -49.32258276146012
        ],
        "line_l_point": [
            569.951578676005,
            -430.6364950280388,
            -49.99417724607984
        ],
        "line_r_point": [
            366.48183056890554,
            -423.60283734242955,
            -48.427109333262365
        ],
        "screw_steel_outmost_point": [
            366.8461726847624,
            -416.8836863578423,
            -40.361114982351
        ],
        "terminal_l_point": [
            594.4828739782897,
            -434.7426587718423,
            -50.20724081214452
        ],
        "terminal_r_point": [
            338.3497705223543,
            -425.8987295284537,
            -47.757458925019684
        ]
    },
    "E1": {
        "PLANE_POINT": [
            468.0514145762105,
            77.19500654069047,
            -48.095989327625986
        ],
        "L_POINT": [
            342.9803221266007,
            364.17165444081957,
            -54.36624301429232
        ],
        "R_POINT": [
            607.6585592685763,
            364.53143031006266,
            -56.64190890582804
        ],
        "line_l_point": [
            375.16747299761386,
            358.667577761716,
            -51.89292846308805
        ],
        "line_r_point": [
            577.7900685558152,
            359.7865995729077,
            -53.8769549636623
        ],
        "screw_steel_outmost_point": [
            577.757979056576,
            353.14072773752946,
            -46.404247434810046
        ],
        "terminal_l_point": [
            346.4448229443774,
            357.28417800854277,
            -51.364671047607345
        ],
        "terminal_r_point": [
            600.2964115763651,
            359.66915287540496,
            -54.204695528702054
        ]
    }
}