{
    "PLANE_POINT": [
        511.9711014441687,
        -92.65290839696178,
        -30.749727943144624
    ],
    "L_POINT": [
        606.7950380521556,
        -455.62209931142337,
        -32.712491686899156
    ],
    "R_POINT": [
        362.39240315991407,
        -438.1408346401147,
        -36.85262651271864
    ],
    "line_l_point": [
        575.710138340687,
        -446.4425788575481,
        -35.91127536058727
    ],
    "line_r_point": [
        392.6613917821684,
        -432.76500660268545,
        -39.37439275490986
    ],
    "screw_steel_outmost_point": [
        393.7326129006084,
        -425.19013372792955,
        -30.787554789354907
    ],
    "terminal_l_point": [
        607.6127823449431,
        -452.0117592248852,
        -33.41017073306409
    ],
    "terminal_r_point": [
        361.63133619322133,
        -432.3083475409349,
        -40.086167622113344
    ]
}