{
    "corners": {
        "LA0": [
            19.901766485542964,
            -231.56274180902227,
            -158.78995179358077
        ],
        "RA0": [
            228.45216674072753,
            5.1092584770607345,
            -155.41075174322242
        ],
        "L1": [
            -240.98736388881417,
            -9.277380587187253,
            -155.3865549480587
        ],
        "L0": [
            1.0118767899814998,
            -240.93277367648446,
            -151.8381627666641
        ],
        "R1": [
            4.47854906741901,
            209.93164359418813,
            -155.36254811403415
        ],
        "R0": [
            204.40387255374202,
            18.683504784990987,
            -154.50171992037127
        ],
        "LA1": [
            -233.6425309267765,
            2.580652251635456,
            -154.2911722919632
        ],
        "RA1": [
            -17.31326478489069,
            227.49820266095418,
            -156.69024570008926
        ]
    }
}