{
    "E0": {
        "PLANE_POINT": [
            467.35115723442243,
            -195.2776900005452,
            -47.77326744919691
        ],
        "L_POINT": [
            586.4403772774749,
            -442.5435141748091,
            -47.260617749398435
        ],
        "R_POINT": [
            332.99185825135686,
            -434.91293243892653,
            -46.337519954164684
        ],
        "line_l_point": [
            552.9143328903716,
            -439.2060304619269,
            -46.52356017642934
        ],
        "line_r_point": [
            363.0010371576522,
            -431.64525429467784,
            -47.35526915292625
        ],
        "screw_steel_outmost_point": [
            363.3214667473411,
            -425.7062546830829,
            -40.73366749686695
        ],
        "terminal_l_point": [
            588.5202095791599,
            -442.2941087213725,
            -45.522909089081274
        ],
        "terminal_r_point": [
            334.84304867957593,
            -432.3980843102629,
            -47.71162677903047
        ]
    },
    "E1": {
        "PLANE_POINT": [
            477.9182150353774,
            143.36734023264995,
            -50.25831275380116
        ],
        "L_POINT": [
            338.18812364996074,
            353.32775914412076,
            -51.06335674719625
        ],
        "R_POINT": [
            593.9407708162818,
            357.8525004551398,
            -50.13057783458586
        ],
        "line_l_point": [
            371.1676508902445,
            349.9508468082933,
            -51.18693244040041
        ],
        "line_r_point": [
            564.136938841777,
            352.48569539259614,
            -50.02148528149595
        ],
        "screw_steel_outmost_point": [
            564.1257604539619,
            345.79837039401195,
            -42.85702023468625
        ],
        "terminal_l_point": [
            343.16083632811683,
            354.2911029193658,
            -50.147078624175904
        ],
        "terminal_r_point": [
            593.1277786466057,
            354.2811450955697,
            -49.52355108649637
        ]
    }
}