{
    "L1": [
        213.46834115389964,
        -472.91268993807637,
        -21.24047950080785,
        -0.9851214593755289,
        -0.0593588071373754,
        0.1989861317862543
    ],
    "R1": [
        11.58390209749955,
        -525.7819204678659,
        -26.001547341383116,
        -0.9851214593755411,
        -0.05935880713737096,
        -0.07872919531749023
    ],
    "L2": [
        273.6625024392983,
        -609.375956783762,
        -16.641597329176363,
        -0.9851214593755308,
        -0.05935880713737496,
        0.19898613178625368
    ],
    "R2": [
        46.79311560680174,
        -670.345802310453,
        -23.26441000164715,
        -0.9851214593755406,
        -0.05935880713736941,
        -0.07872919531748951
    ],
    "L3": [
        313.20022231845206,
        -746.3862595486216,
        -17.93262491706747,
        -0.9851214593755325,
        -0.05935880713737407,
        0.19898613178625346
    ],
    "R3": [
        89.6910711648873,
        -799.1570122036389,
        -17.932624917066903,
        -0.9851214593755344,
        -0.059358807137373404,
        0.19898613178625113
    ]
}