{
    "PLANE_POINT": [
        475.4048131782547,
        -175.25577686655575,
        -52.46054928434851
    ],
    "L_POINT": [
        603.1448537150559,
        -434.5056244351302,
        -51.99331790005074
    ],
    "R_POINT": [
        336.5021758553897,
        -429.1733634744038,
        -49.32258276146012
    ],
    "line_l_point": [
        565.996284837464,
        -438.87304531423626,
        -51.15703319707481
    ],
    "line_r_point": [
        366.43891781425185,
        -427.1556441919844,
        -49.34548328177127
    ],
    "screw_steel_outmost_point": [
        366.743433901419,
        -421.26964614626394,
        -42.67672800372787
    ],
    "terminal_l_point": [
        602.3254957428023,
        -442.05908724403344,
        -51.4080484521029
    ],
    "terminal_r_point": [
        341.15798525099893,
        -428.85528449834544,
        -47.81364752047617
    ]
}