{
    "df_dict": {
        "x": [
            -644.0363009386417,
            -644.189859000026,
            -640.3791446188711,
            -636.4344274939157,
            -632.847750059688,
            -629.0012021453168,
            -624.8841776019241,
            -621.1547303032451,
            -617.1213967737825,
            -613.1835664183584,
            -609.3175270508693,
            -605.1823618243535,
            -601.5336715280672,
            -597.6210198195112,
            -593.7623645303382,
            -590.0150302165675,
            -585.9721657035542,
            -582.0330024868922,
            -578.213619236172,
            -574.461061241203,
            -570.4329565363278,
            -566.6590542947841,
            -562.9098732665981
        ],
        "y": [
            -56.02043302897742,
            -55.6686090457231,
            -65.33222078372172,
            -74.53907436834793,
            -83.89511263857378,
            -93.13521698260688,
            -102.26029462664326,
            -111.53435831266512,
            -120.7045488475869,
            -129.90500116768354,
            -139.14518137254788,
            -148.26849482030187,
            -157.5885494346761,
            -166.80246539111027,
            -176.0491415355968,
            -185.3218610885615,
            -194.48874134067444,
            -203.68179308940466,
            -212.95253131219525,
            -222.23579129457636,
            -231.39346787485775,
            -240.65682137807002,
            -249.94105932905575
        ],
        "z": [
            254.2012107581104,
            244.00402291995658,
            254.12494501640984,
            254.23919857363478,
            254.76465748719883,
            254.7806581676153,
            254.58757739886383,
            253.9070723817386,
            253.91733236277736,
            253.93066660046645,
            254.54561090420276,
            254.9508592028907,
            254.5717931120514,
            253.68380877657003,
            254.00018073276755,
            253.9197971067504,
            254.32660263909838,
            254.53608378663486,
            253.44811931503222,
            253.46434251884227,
            253.57129657090462,
            254.48717487659314,
            254.40240865509898
        ],
        "type": [
            "seam",
            "high_far",
            "seam",
            "seam",
            "seam",
            "seam",
            "seam",
            "seam",
            "seam",
            "seam",
            "seam",
            "seam",
            "seam",
            "seam",
            "seam",
            "seam",
            "seam",
            "seam",
            "seam",
            "seam",
            "seam",
            "seam",
            "seam"
        ],
        "rev_idx": [
            21,
            21,
            20,
            19,
            18,
            17,
            16,
            15,
            14,
            13,
            12,
            11,
            10,
            9,
            8,
            7,
            6,
            5,
            4,
            3,
            2,
            1,
            0
        ]
    },
    "target_rt_rev_list": [
        [
            -644.0543510910242,
            -56.02785070708472,
            254.23302020329297,
            -1.5712643074170227,
            2.4242624078407715e-05,
            -1.1745359689589978
        ],
        [
            -562.9207194155009,
            -249.94557436905825,
            254.22792424745433,
            -1.5712643074170227,
            2.4242624078407715e-05,
            -1.1745359689589978
        ]
    ],
    "safe_return_rt": [
        -624.3238910361346,
        -44.89594946816918,
        316.82407765603506,
        -1.6685959247113973,
        0.08490941825560694,
        -1.1791917367789273
    ]
}