{
    "PLANE_POINT": [
        -447.4425789633954,
        558.9335377624951,
        260.2461575315399,
        -1.5715370794607346,
        -0.0013388953036312934,
        0.5631994930032708
    ],
    "L1": [
        -598.2568884434348,
        634.9448378864366,
        260.2462605027379,
        -1.5715366944799027,
        -0.0013392160289820154,
        0.5631994712321202
    ],
    "R1": [
        -408.1458948776644,
        697.0712094281313,
        260.24477286350015,
        -1.5715399568429078,
        -0.0013399141795007452,
        0.5631972982435365
    ]
}