{
    "corners": {
        "LA0": [
            -43.67059221650618,
            162.39733702551172,
            -73.17982422127322
        ],
        "LB0": [
            78.3939573593035,
            154.02350054060514,
            -73.68637067856005
        ],
        "RA0": [
            -62.29423027802835,
            -117.45544274437356,
            -70.96606756846138
        ],
        "RB0": [
            62.76452875517458,
            -124.04698557579451,
            -71.39498399607075
        ],
        "ML": [
            93.54440761565348,
            135.38552693829433,
            -74.41631742538212
        ],
        "MR": [
            82.30739168547035,
            -101.56062971032003,
            -71.39498399606799
        ]
    }
}