{
    "L1": [
        320.7869121546562,
        -725.3935950096904,
        203.4910845686681,
        -1.6806717314661108,
        -0.037512813098264486,
        -0.5215415821791403
    ],
    "R1": [
        320.34598679302667,
        -724.1788626516533,
        144.11313586872353,
        -1.6806717314661208,
        -0.03751281309829091,
        -0.5215415821791406
    ],
    "R2": [
        210.9751097104628,
        -747.5772361959567,
        237.63322176372188,
        -1.6879056165130801,
        0.10150701597748135,
        -0.5255945183772488
    ]
}