{
    "PLANE_POINT": [
        473.04866103790664,
        -161.10446844657505,
        -43.83465924014624
    ],
    "L_POINT": [
        588.6772031957661,
        -432.3448437134045,
        -36.18370472068699
    ],
    "R_POINT": [
        333.5130841604436,
        -423.89460211098265,
        -42.47681090378419
    ],
    "line_l_point": [
        559.965009550212,
        -419.8152536996598,
        -29.98393054172815
    ],
    "line_r_point": [
        363.98257296181737,
        -414.8513090783996,
        -34.95810127884583
    ],
    "screw_steel_outmost_point": [
        364.4354596030547,
        -407.3477825277542,
        -26.387104662702093
    ],
    "terminal_l_point": [
        591.8974756635457,
        -424.4855996265252,
        -28.290807349820646
    ],
    "terminal_r_point": [
        334.9832084903054,
        -412.9137291158075,
        -35.459625279837056
    ]
}