{
    "L1": [
        -72.27345684875206,
        975.6496848204836,
        72.81864843112591,
        -2.4248748548266423,
        0.02967203519157402,
        2.3701266160910084
    ],
    "R1": [
        -17.701634880673794,
        743.24142528378,
        73.60588777286367,
        -2.424874854826645,
        0.029672035191574908,
        2.3701266160910084
    ],
    "R2": [
        165.1052944535107,
        721.4570918157905,
        74.04996601676356,
        -2.4248748548266432,
        0.029672035191574686,
        2.3701266160910093
    ]
}