{
    "PLANE_POINT": [
        407.3402945756251,
        163.4989364184178,
        -51.92315692874067
    ],
    "L_POINT": [
        255.32410712755788,
        432.59516766351004,
        -50.97985509641861
    ],
    "R_POINT": [
        507.1732398782784,
        449.2132503038735,
        -51.13457562730461
    ],
    "line_l_point": [
        289.0257083986135,
        431.9601071507785,
        -50.168047704715455
    ],
    "line_r_point": [
        477.6494218495823,
        443.8353133895078,
        -50.554673473514256
    ],
    "screw_steel_outmost_point": [
        478.0396100623038,
        437.0295064893033,
        -44.07557279550487
    ],
    "terminal_l_point": [
        257.2683261304029,
        434.30251065696586,
        -49.90045504567193
    ],
    "terminal_r_point": [
        505.75914147840996,
        444.62885214679017,
        -50.3527544018217
    ]
}