{
    "PLANE_POINT": [
        -469.5927174904132,
        262.1620844286666,
        205.8349294165721,
        -1.2138376865443532,
        -0.03725287492570617,
        -1.1377527896631463
    ],
    "L1": [
        -576.627127565825,
        212.98820878779566,
        217.58986550829496,
        -1.2138376865443463,
        -0.03725287492571128,
        -1.1377527896631447
    ],
    "R1": [
        -587.4998374839475,
        262.1620844286662,
        214.58986661902446,
        -1.2138376865443512,
        -0.037252874925707946,
        -1.1377527896631447
    ]
}