{
    "corners": {
        "P1": [
            -474.8894220717278,
            -322.8208470301918,
            65.95616720672405
        ],
        "P2": [
            -460.50743754597664,
            -240.7724906369656,
            65.97007584006923
        ],
        "P3": [
            -509.7717607343797,
            -207.62866601478984,
            66.79685098848154
        ],
        "P4": [
            -555.3817111135616,
            -216.9698353350494,
            67.83475223915582
        ],
        "P5": [
            -583.7905009781631,
            -290.2834399900098,
            68.63369480424609
        ],
        "P6": [
            -520.9326894484751,
            -338.21085614416893,
            67.11495341684804
        ],
        "P7": [
            -469.0024826891746,
            -316.43816538384334,
            65.95616720672507
        ]
    }
}