{
    "corners": {
        "LA0": [
            -765.5795629631325,
            -183.3854426545396,
            541.8697070094165
        ],
        "LB0": [
            -893.5681146444297,
            -208.72913821748992,
            546.2780324275686
        ],
        "RA0": [
            -816.8218433577521,
            92.85652534220753,
            537.7665757747446
        ],
        "RB0": [
            -947.8921000199746,
            65.88131853428493,
            543.3166126813151
        ],
        "ML": [
            -910.1221113290047,
            -201.08857840303696,
            546.073752021982
        ],
        "MR": [
            -957.1034918212986,
            52.19366814876415,
            544.8759052832942
        ]
    }
}