{
    "corners": {
        "P1": [
            -462.93864421797065,
            -308.93879988954603,
            67.11776644864983
        ],
        "P2": [
            -454.0370758087992,
            -249.82123971220184,
            67.6403634684795
        ],
        "P3": [
            -504.5437906944884,
            -208.42225943928293,
            68.58481924439769
        ],
        "P4": [
            -552.66977762257,
            -218.400617601086,
            69.27052540341646
        ],
        "P5": [
            -563.6785920191286,
            -316.42100244421084,
            68.20859860313243
        ],
        "P6": [
            -492.1550614010905,
            -332.4091149955241,
            67.94416766384649
        ],
        "P7": [
            -462.93864421797065,
            -308.93879988954603,
            67.11776644864983
        ]
    }
}