{
    "df_dict": {
        "x": [
            -152.3499804237947,
            -152.63523426717543,
            -147.34948627666475,
            -142.3415350150728,
            -137.33806155799041,
            -132.33569613073453,
            -127.32853888717787,
            -122.32048979342207,
            -117.30976179008773,
            -112.29450115688013,
            -107.28651413825102,
            -102.27782544676344,
            -97.26866256239435,
            -92.26159742637725,
            -87.24963682589534,
            -82.23878845533908,
            -77.23692854188047,
            -72.23050657156884,
            -67.21672878385698,
            -62.19223652332967,
            -57.18341498380206,
            -52.174619108017254,
            -47.15545246051476,
            -42.152510332362034,
            -37.13012818526382,
            -32.1268151800308,
            -27.12541211349197,
            -22.12069874078223,
            -17.109940698420935,
            -12.108691738300095,
            -7.10291153079163,
            -2.100374916529759,
            2.906276481144559,
            7.906303752258651,
            12.920217878355096,
            17.91575332868493,
            22.936546077199836,
            27.942312532717665,
            32.96207743237136,
            37.96082032150334,
            42.97184976474943,
            47.97714835603039,
            52.98230309178423,
            57.987992502742394,
            62.991647884767325,
            67.99737518881865,
            72.99660501599274,
            78.0045990321288,
            83.00967194096745,
            88.01014916925222,
            93.00474463397697,
            98.02144862167773,
            103.02806852405304,
            108.04058607539164,
            113.04483300072962,
            118.0461060421515,
            123.05413220532088
        ],
        "y": [
            850.4349093666171,
            849.9069753018217,
            850.2375454852677,
            850.4950966500215,
            850.4325151880957,
            850.8057830835397,
            850.78585143993,
            851.2025465753044,
            851.4588723101991,
            851.4913817557012,
            851.7453423673572,
            851.7618259881829,
            852.055322344715,
            852.2111705779024,
            852.1888136136762,
            852.2847094012158,
            852.5226100936998,
            852.6426781483376,
            852.7121163104355,
            852.6281989769686,
            852.8238762729604,
            853.0443575403503,
            853.2543238629881,
            853.2935579767874,
            853.3097003018536,
            853.3677911208013,
            853.7016809067245,
            853.6612539385906,
            853.7931787737075,
            854.0660379260976,
            854.2582181267549,
            854.3764526585524,
            854.4153761198527,
            854.4915021418105,
            854.309977062222,
            854.5582670568404,
            854.7586760522539,
            854.8533938571678,
            854.9883679533818,
            855.2404095001951,
            855.2549205629996,
            855.3120423437005,
            855.4482371328711,
            855.3883045227866,
            855.4458296040076,
            855.362051513563,
            855.5359516886293,
            855.3353997280991,
            855.3931625298763,
            855.4508910143905,
            855.7661764852609,
            855.5839354755838,
            855.6597744210894,
            855.6760342470365,
            855.7532291411053,
            855.8725305026707,
            855.6360414561198
        ],
        "z": [
            320.3639862868223,
            310.09754017007555,
            320.2858467778798,
            320.49579699850256,
            320.2390048333207,
            320.36874652195877,
            320.4255326705045,
            320.86872844129687,
            321.0768516123792,
            320.8351583168885,
            321.0421799325307,
            320.90118707971214,
            320.9149988720344,
            321.1057264338545,
            321.16112645731425,
            321.1366767307395,
            321.44036636367986,
            321.8236756464636,
            321.38459283539953,
            321.22206480158695,
            321.21574207632557,
            321.62084746399734,
            321.51136105098783,
            321.7765234578735,
            321.6319089675558,
            321.8002935685852,
            322.1213930907859,
            322.26977653216625,
            322.04372713144284,
            322.15064236971466,
            322.14077632359033,
            322.52331706704365,
            322.789003100601,
            322.8580826341796,
            322.67540621195474,
            322.37005433995085,
            322.8698501511458,
            322.8404542467583,
            323.11933295396,
            323.3186430829665,
            323.16948310843463,
            323.3334920837149,
            323.61288117474896,
            323.85505077732745,
            324.01751457267824,
            323.8481522556499,
            323.93075083257156,
            323.8413260878954,
            324.00381568681246,
            324.1659646007514,
            324.57975759975267,
            324.3914455734125,
            324.4551251163234,
            324.30587367156664,
            324.3715242739938,
            324.7499823670976,
            324.8577420913156
        ],
        "type": [
            "seam",
            "high_far",
            "seam",
            "seam",
            "seam",
            "seam",
            "seam",
            "seam",
            "seam",
            "seam",
            "seam",
            "seam",
            "seam",
            "seam",
            "seam",
            "seam",
            "seam",
            "seam",
            "seam",
            "seam",
            "seam",
            "seam",
            "seam",
            "seam",
            "seam",
            "seam",
            "seam",
            "seam",
            "seam",
            "seam",
            "seam",
            "seam",
            "seam",
            "seam",
            "seam",
            "seam",
            "seam",
            "seam",
            "seam",
            "seam",
            "seam",
            "seam",
            "seam",
            "seam",
            "seam",
            "seam",
            "seam",
            "seam",
            "seam",
            "seam",
            "seam",
            "seam",
            "seam",
            "seam",
            "seam",
            "seam",
            "seam"
        ],
        "rev_idx": [
            55,
            55,
            54,
            53,
            52,
            51,
            50,
            49,
            48,
            47,
            46,
            45,
            44,
            43,
            42,
            41,
            40,
            39,
            38,
            37,
            36,
            35,
            34,
            33,
            32,
            31,
            30,
            29,
            28,
            27,
            26,
            25,
            24,
            23,
            22,
            21,
            20,
            19,
            18,
            17,
            16,
            15,
            14,
            13,
            12,
            11,
            10,
            9,
            8,
            7,
            6,
            5,
            4,
            3,
            2,
            1,
            0
        ]
    },