{
    "L1": [
        210.4236665460448,
        1139.7047448072117,
        275.54761647659785,
        -1.0539166046996624,
        -0.2825740432717394,
        2.9631083719709737
    ],
    "R1": [
        450.3749662251289,
        1135.8247954279532,
        271.26136416507927,
        -1.0115907092701697,
        -0.18057950954855606,
        2.840241705592907
    ],
    "L2": [
        197.4857712823809,
        1018.2637432367586,
        275.5386465415108,
        -1.0539166046996584,
        -0.28257404327173097,
        2.9631083719709688
    ],
    "R2": [
        425.17707806006007,
        1012.7780187795254,
        270.9715687549206,
        -1.0115907092701741,
        -0.18057950954856228,
        2.8402417055929114
    ],
    "L3": [
        197.48577128238645,
        863.0224004649604,
        280.8941633487737,
        -1.0539166046996544,
        -0.2825740432717261,
        2.963108371970963
    ],
    "R3": [
        446.39949358358837,
        860.4071174461337,
        272.9555757586976,
        -1.0115907092701786,
        -0.18057950954856716,
        2.840241705592922
    ],
    "L4": [
        189.31321578109092,
        704.9143402813465,
        283.54935648656766,
        -1.2282691789975622,
        0.15339696594825436,
        2.7385576866679857
    ],
    "R4": [
        419.9065221642334,
        707.9729476517298,
        271.95146960759524,
        -1.2282691789975524,
        0.1533969659482548,
        2.7385576866679857
    ],
    "L5": [
        188.25554940509392,
        589.0580438604347,
        277.4506621707664,
        -1.127872579409051,
        0.19458201205516312,
        2.7559555034241088
    ],
    "R5": [
        419.2683112459107,
        594.164476273126,
        270.1320260471058,
        -1.1278725794090594,
        0.19458201205516445,
        2.755955503424107
    ]
}