{
    "L1": [
        176.18149100639644,
        1134.5096706829095,
        282.57358975529684,
        -1.1394626634407263,
        -0.21299431615519593,
        -3.010257446866035
    ],
    "R1": [
        444.99486954643754,
        1138.0832606487338,
        284.36038473820736,
        -1.1394626634407246,
        -0.21299431615520636,
        2.8903862800757283
    ],
    "L2": [
        176.18149100639837,
        1013.2061446209016,
        282.57358975529684,
        -1.1394626634407237,
        -0.21299431615521391,
        -3.0102574468660963
    ],
    "R2": [
        444.9948695464358,
        1013.206144620903,
        279.39706534123445,
        -1.1394626634407254,
        -0.21299431615520814,
        2.89038628007573
    ],
    "L3": [
        165.18001032394008,
        861.557826373708,
        276.5874550787692,
        -1.1394626634407294,
        -0.21299431615520015,
        -2.9690233453730692
    ],
    "R3": [
        412.154783517296,
        861.5578263737091,
        276.5874550787685,
        -1.1394626634407277,
        -0.2129943161552066,
        2.8903862800757287
    ]
}