{
    "L1": [
        215.9940453766876,
        561.2022394278108,
        117.53772057753787,
        -1.2363659636786353,
        0.16384231953307982,
        3.010659286402921
    ],
    "R1": [
        469.09556974749677,
        562.673614854201,
        116.45152163912286,
        -1.2061580601557917,
        0.24994741652512587,
        2.711375691592086
    ],
    "L2": [
        215.99404537668914,
        687.1306611960146,
        119.16461334639325,
        -1.2363659636786317,
        0.16384231953309936,
        3.0106592864029342
    ],
    "R2": [
        481.9327401271384,
        683.4967766126389,
        116.66514612032461,
        -1.2061580601557846,
        0.24994741652512387,
        2.7113756915920844
    ],
    "L3": [
        230.97989839640644,
        831.9277460195951,
        116.98026665144818,
        -1.2363659636786286,
        0.16384231953308648,
        3.0106592864028903
    ],
    "R3": [
        468.9467265162962,
        835.13011729563,
        119.05804016329182,
        -1.2061580601557789,
        0.24994741652512475,
        2.711375691592086
    ],
    "L4": [
        230.9798983964072,
        985.4535563528254,
        119.75550392561655,
        -1.2363659636786195,
        0.16384231953309403,
        3.0106592864029365
    ],
    "R4": [
        473.59391267352345,
        983.5247392515421,
        118.78363852144452,
        -1.206158060155772,
        0.24994741652512653,
        2.711375691592086
    ],
    "L5": [
        230.979898396409,
        1113.2495330068477,
        119.64007265120136,
        -1.2363659636786188,
        0.1638423195331411,
        3.010659286402955
    ],
    "R5": [
        480.5876780086097,
        1111.9927026609857,
        119.02642149568663,
        -1.2061580601557669,
        0.24994741652512542,
        2.7113756915920817
    ]
}